code,files
CAPABILITY_ALREADY_REGISTERED,ServoPeregrino_Organizador_Nexus/functions/capabilities/fn_registerCapability.sqf
CAPABILITY_CONFLICT,ServoPeregrino_Organizador_Nexus/functions/capabilities/fn_registerCapability.sqf
CAPABILITY_FOUND,ServoPeregrino_Organizador_Nexus/functions/capabilities/fn_getCapability.sqf
CAPABILITY_ID_REQUIRED,ServoPeregrino_Organizador_Nexus/functions/capabilities/fn_registerCapability.sqf
CAPABILITY_NOT_FOUND,ServoPeregrino_Organizador_Nexus/functions/capabilities/fn_getCapability.sqf;ServoPeregrino_Organizador_Nexus/functions/capabilities/fn_unregisterCapability.sqf
CAPABILITY_PROVIDER_MISMATCH,ServoPeregrino_Organizador_Nexus/functions/capabilities/fn_unregisterCapability.sqf
CAPABILITY_PROVIDER_REQUIRED,ServoPeregrino_Organizador_Nexus/functions/capabilities/fn_registerCapability.sqf
CAPABILITY_REGISTERED,ServoPeregrino_Organizador_Items/functions/lifecycle/fn_initialize.sqf;ServoPeregrino_Organizador_Nexus/functions/capabilities/fn_registerCapability.sqf
CAPABILITY_UNREGISTERED,ServoPeregrino_Organizador_Nexus/functions/capabilities/fn_unregisterCapability.sqf
CAPABILITY_VERSION_INVALID,ServoPeregrino_Organizador_Nexus/functions/capabilities/fn_registerCapability.sqf
CATALOG_ARROW_CLICK,ServoPeregrino_Organizador_Items/functions/tests/fn_runDelivery0_8Tests.sqf;ServoPeregrino_Organizador_Items/functions/tests/fn_runDelivery0_8_1Tests.sqf;ServoPeregrino_Organizador_Items/functions/tests/fn_runDelivery0_8_2Tests.sqf;ServoPeregrino_Organizador_Items/functions/tests/fn_runDelivery0_8_3Tests.sqf;ServoPeregrino_Organizador_Items/functions/tests/fn_runDelivery0_9Tests.sqf;ServoPeregrino_Organizador_Items/functions/tests/fn_runDelivery0_9_1Tests.sqf;ServoPeregrino_Organizador_Items/functions/tests/fn_runDelivery0_9_2Tests.sqf;ServoPeregrino_Organizador_Items/functions/tests/fn_runDelivery0_9_3Tests.sqf;ServoPeregrino_Organizador_Items/functions/ui/fn_handleUIEvent.sqf
CATALOG_ARROW_TO_DRAFT,ServoPeregrino_Organizador_Items/functions/tests/fn_runDelivery0_11CheckpointB5Tests.sqf;ServoPeregrino_Organizador_Items/functions/tests/fn_runDelivery0_12CheckpointCTests.sqf;ServoPeregrino_Organizador_Items/functions/tests/fn_runDelivery0_12CheckpointD63Tests.sqf;ServoPeregrino_Organizador_Items/functions/ui/fn_handleUIEvent.sqf
CATALOG_ARROW_TO_PHYSICAL,ServoPeregrino_Organizador_Items/functions/tests/fn_runDelivery0_12CheckpointC5Tests.sqf;ServoPeregrino_Organizador_Items/functions/tests/fn_runDelivery0_12CheckpointCTests.sqf;ServoPeregrino_Organizador_Items/functions/tests/fn_runDelivery0_12CheckpointD73Tests.sqf;ServoPeregrino_Organizador_Items/functions/ui/fn_handleUIEvent.sqf
CATALOG_ARROW_TO_PHYSICAL_FAILURE,ServoPeregrino_Organizador_Items/functions/ui/fn_handleUIEvent.sqf
CATALOG_BUTTON_TO_DRAFT,ServoPeregrino_Organizador_Items/functions/tests/fn_runDelivery0_11CheckpointDTests.sqf;ServoPeregrino_Organizador_Items/functions/tests/fn_runDelivery0_12CheckpointC3Tests.sqf;ServoPeregrino_Organizador_Items/functions/tests/fn_runDelivery0_12CheckpointD64Tests.sqf;ServoPeregrino_Organizador_Items/functions/ui/fn_handleUIEvent.sqf
CATALOG_BUTTON_TO_PHYSICAL,ServoPeregrino_Organizador_Items/functions/tests/fn_runDelivery0_12CheckpointC3Tests.sqf;ServoPeregrino_Organizador_Items/functions/tests/fn_runDelivery0_12CheckpointD73Tests.sqf;ServoPeregrino_Organizador_Items/functions/ui/fn_handleUIEvent.sqf
CATALOG_BUTTON_TO_PHYSICAL_FAILURE,ServoPeregrino_Organizador_Items/functions/ui/fn_handleUIEvent.sqf
CATALOG_CATEGORY,ServoPeregrino_Organizador_Items/functions/tests/fn_runDelivery0_11CheckpointB61Tests.sqf;ServoPeregrino_Organizador_Items/functions/tests/fn_runDelivery0_11CheckpointB6Tests.sqf;ServoPeregrino_Organizador_Items/functions/ui/fn_handleUIEvent.sqf
CATALOG_FOCUSED,ServoPeregrino_Organizador_Items/functions/tests/fn_runDelivery0_11CheckpointB61Tests.sqf;ServoPeregrino_Organizador_Items/functions/tests/fn_runDelivery0_11CheckpointB6Tests.sqf;ServoPeregrino_Organizador_Items/functions/tests/fn_runDelivery0_12CheckpointC2Tests.sqf;ServoPeregrino_Organizador_Items/functions/tests/fn_runDelivery0_12CheckpointC3Tests.sqf;ServoPeregrino_Organizador_Items/functions/tests/fn_runDelivery0_12CheckpointC4Tests.sqf;ServoPeregrino_Organizador_Items/functions/tests/fn_runDelivery0_12CheckpointCTests.sqf;ServoPeregrino_Organizador_Items/functions/ui/fn_refreshCatalogWindowUI.sqf
CATALOG_PAGE,ServoPeregrino_Organizador_Items/functions/tests/fn_runDelivery0_11CheckpointB61Tests.sqf;ServoPeregrino_Organizador_Items/functions/tests/fn_runDelivery0_11CheckpointB6Tests.sqf;ServoPeregrino_Organizador_Items/functions/ui/fn_handleUIEvent.sqf
CATALOG_RENDER,ServoPeregrino_Organizador_Items/functions/ui/fn_renderCatalogRowsUI.sqf
CATALOG_ROW_BUTTON,ServoPeregrino_Organizador_Items/functions/tests/fn_runDelivery0_12CheckpointC2Tests.sqf;ServoPeregrino_Organizador_Items/functions/tests/fn_runDelivery0_12CheckpointC3Tests.sqf;ServoPeregrino_Organizador_Items/functions/tests/fn_runDelivery0_12CheckpointC5Tests.sqf;ServoPeregrino_Organizador_Items/functions/tests/fn_runDelivery0_12CheckpointC6Tests.sqf;ServoPeregrino_Organizador_Items/functions/tests/fn_runDelivery0_9_3Tests.sqf;ServoPeregrino_Organizador_Items/functions/ui/fn_handleUIEvent.sqf;ServoPeregrino_Organizador_Items/functions/ui/fn_renderCatalogRowsUI.sqf
CATALOG_ROW_DRAG_START,ServoPeregrino_Organizador_Items/functions/tests/fn_runDelivery0_12CheckpointC3Tests.sqf;ServoPeregrino_Organizador_Items/functions/ui/fn_handleUIDragEvent.sqf
CATALOG_ROW_SELECT,ServoPeregrino_Organizador_Items/functions/tests/fn_runDelivery0_12CheckpointC3Tests.sqf;ServoPeregrino_Organizador_Items/functions/tests/fn_runDelivery0_9_3Tests.sqf;ServoPeregrino_Organizador_Items/functions/ui/fn_handleUIEvent.sqf;ServoPeregrino_Organizador_Items/functions/ui/fn_renderCatalogRowsUI.sqf
CATALOG_SCROLL,ServoPeregrino_Organizador_Items/functions/tests/fn_runDelivery0_12CheckpointC2Tests.sqf;ServoPeregrino_Organizador_Items/functions/tests/fn_runDelivery0_12CheckpointC3Tests.sqf;ServoPeregrino_Organizador_Items/functions/tests/fn_runDelivery0_12CheckpointCTests.sqf;ServoPeregrino_Organizador_Items/functions/ui/fn_handleUIEvent.sqf;ServoPeregrino_Organizador_Items/functions/ui/fn_handleUIWheel.sqf
CATALOG_SCROLL_ABSOLUTE,ServoPeregrino_Organizador_Items/functions/tests/fn_runDelivery0_12CheckpointC4Tests.sqf;ServoPeregrino_Organizador_Items/functions/tests/fn_runDelivery0_12CheckpointCTests.sqf;ServoPeregrino_Organizador_Items/functions/ui/fn_handleUIEvent.sqf
CATALOG_SCROLL_LEGACY,ServoPeregrino_Organizador_Items/functions/ui/fn_handleUIEvent.sqf
CATALOG_SCROLL_SLIDER,ServoPeregrino_Organizador_Items/functions/ui/fn_handleUIEvent.sqf
CATALOG_SEARCH,ServoPeregrino_Organizador_Items/functions/tests/fn_runDelivery0_11CheckpointB61Tests.sqf;ServoPeregrino_Organizador_Items/functions/tests/fn_runDelivery0_11CheckpointB6Tests.sqf;ServoPeregrino_Organizador_Items/functions/ui/fn_handleUIEvent.sqf
CATALOG_SELECT,ServoPeregrino_Organizador_Items/functions/tests/fn_runDelivery0_10CheckpointDTests.sqf;ServoPeregrino_Organizador_Items/functions/tests/fn_runDelivery0_9_2Tests.sqf;ServoPeregrino_Organizador_Items/functions/tests/fn_runDelivery0_9_3Tests.sqf;ServoPeregrino_Organizador_Items/functions/ui/fn_handleUIEvent.sqf
CATALOG_TABLE_SELECT,ServoPeregrino_Organizador_Items/functions/ui/fn_handleUIEvent.sqf
CONTRACT_ALREADY_REGISTERED,ServoPeregrino_Organizador_Nexus/functions/contracts/fn_registerContractDefinition.sqf
CONTRACT_CONFLICT,ServoPeregrino_Organizador_Nexus/functions/contracts/fn_registerContractDefinition.sqf
CONTRACT_ID_REQUIRED,ServoPeregrino_Organizador_Nexus/functions/contracts/fn_registerContractDefinition.sqf
CONTRACT_PAYLOAD_INCOMPLETE,ServoPeregrino_Organizador_Nexus/functions/contracts/fn_validateContract.sqf
CONTRACT_PROVIDER_REQUIRED,ServoPeregrino_Organizador_Nexus/functions/contracts/fn_registerContractDefinition.sqf
CONTRACT_REGISTERED,ServoPeregrino_Organizador_Nexus/functions/contracts/fn_registerContractDefinition.sqf
CONTRACT_REQUIRED_KEYS_INVALID,ServoPeregrino_Organizador_Nexus/functions/contracts/fn_registerContractDefinition.sqf
CONTRACT_SCHEMA_INVALID,ServoPeregrino_Organizador_Nexus/functions/contracts/fn_validateContract.sqf
CONTRACT_STRUCTURE_INVALID,ServoPeregrino_Organizador_Nexus/functions/contracts/fn_validateContract.sqf
CONTRACT_TYPE_INVALID,ServoPeregrino_Organizador_Nexus/functions/contracts/fn_validateContract.sqf
CONTRACT_UNSUPPORTED,ServoPeregrino_Organizador_Nexus/functions/contracts/fn_validateContract.sqf
CONTRACT_VALID,ServoPeregrino_Organizador_Nexus/functions/contracts/fn_validateContract.sqf
CONTRACT_VERSION_INVALID,ServoPeregrino_Organizador_Nexus/functions/contracts/fn_registerContractDefinition.sqf
DND_CATALOG_TABLE_DRAFT,ServoPeregrino_Organizador_Items/functions/tests/fn_runDelivery0_12CheckpointC3Tests.sqf;ServoPeregrino_Organizador_Items/functions/tests/fn_runDelivery0_12CheckpointD63Tests.sqf;ServoPeregrino_Organizador_Items/functions/ui/fn_finalizeUIPointerDrop.sqf;ServoPeregrino_Organizador_Items/functions/ui/fn_handleUIDragEvent.sqf
DND_CATALOG_TABLE_PHYSICAL,ServoPeregrino_Organizador_Items/functions/tests/fn_runDelivery0_12CheckpointC3Tests.sqf;ServoPeregrino_Organizador_Items/functions/ui/fn_finalizeUIPointerDrop.sqf;ServoPeregrino_Organizador_Items/functions/ui/fn_handleUIDragEvent.sqf
EVENT_HANDLER_FAILED,ServoPeregrino_Organizador_Nexus/functions/events/fn_publishEvent.sqf
EVENT_NAME_REQUIRED,ServoPeregrino_Organizador_Nexus/functions/events/fn_publishEvent.sqf;ServoPeregrino_Organizador_Nexus/functions/events/fn_subscribeEvent.sqf
EVENT_OWNER_REQUIRED,ServoPeregrino_Organizador_Nexus/functions/events/fn_subscribeEvent.sqf
EVENT_PUBLISHED,ServoPeregrino_Organizador_Nexus/functions/events/fn_publishEvent.sqf
EVENT_PUBLISHED_WITH_FAILURES,ServoPeregrino_Organizador_Nexus/functions/events/fn_publishEvent.sqf
EVENT_SUBSCRIBED,ServoPeregrino_Organizador_Nexus/functions/events/fn_subscribeEvent.sqf
EVENT_SUBSCRIPTION_NOT_FOUND,ServoPeregrino_Organizador_Nexus/functions/events/fn_unsubscribeEvent.sqf
EVENT_UNSUBSCRIBED,ServoPeregrino_Organizador_Nexus/functions/events/fn_unsubscribeEvent.sqf
EVENT_VERSION_INVALID,ServoPeregrino_Organizador_Nexus/functions/events/fn_publishEvent.sqf
INVALID_LOG_LEVEL,ServoPeregrino_Organizador_Nexus/functions/diagnostics/fn_setLogLevel.sqf
ITEMS_0_10_0_7_ALREADY_RUNNING,ServoPeregrino_Organizador_Items/functions/tests/fn_runDelivery0_10_0_7HotfixTests.sqf
ITEMS_0_10_0_7_BASE_390_FAILED,ServoPeregrino_Organizador_Items/functions/tests/fn_runDelivery0_10_0_7HotfixTests.sqf
ITEMS_0_10_CP_A_ALREADY_RUNNING,ServoPeregrino_Organizador_Items/functions/tests/fn_runDelivery0_10CheckpointATests.sqf
ITEMS_0_10_CP_B_ALREADY_RUNNING,ServoPeregrino_Organizador_Items/functions/tests/fn_runDelivery0_10CheckpointBTests.sqf
ITEMS_0_10_CP_B_CALL_DID_NOT_RETURN,ServoPeregrino_Organizador_Items/functions/tests/fn_runDelivery0_10CheckpointCTests.sqf
ITEMS_0_10_CP_B_LEGACY_GATE_FAILED,ServoPeregrino_Organizador_Items/functions/tests/fn_runDelivery0_10CheckpointBTests.sqf
ITEMS_0_10_CP_C_ALREADY_RUNNING,ServoPeregrino_Organizador_Items/functions/tests/fn_runDelivery0_10CheckpointCTests.sqf
ITEMS_0_10_CP_C_BASE_381_FAILED,ServoPeregrino_Organizador_Items/functions/tests/fn_runDelivery0_10CheckpointCTests.sqf
ITEMS_0_10_FINAL_ALREADY_RUNNING,ServoPeregrino_Organizador_Items/functions/tests/fn_runDelivery0_10CheckpointDTests.sqf
ITEMS_0_10_FINAL_BASE_388_FAILED,ServoPeregrino_Organizador_Items/functions/tests/fn_runDelivery0_10CheckpointDTests.sqf
ITEMS_0_11_CP_A_ALREADY_RUNNING,ServoPeregrino_Organizador_Items/functions/tests/fn_runDelivery0_11CheckpointATests.sqf
ITEMS_0_11_CP_A_BASE_398_FAILED,ServoPeregrino_Organizador_Items/functions/tests/fn_runDelivery0_11CheckpointATests.sqf
ITEMS_0_11_CP_B1_ALREADY_RUNNING,ServoPeregrino_Organizador_Items/functions/tests/fn_runDelivery0_11CheckpointB1Tests.sqf
ITEMS_0_11_CP_B1_BASE_414_FAILED,ServoPeregrino_Organizador_Items/functions/tests/fn_runDelivery0_11CheckpointB1Tests.sqf
ITEMS_0_11_CP_B2_ALREADY_RUNNING,ServoPeregrino_Organizador_Items/functions/tests/fn_runDelivery0_11CheckpointB2Tests.sqf
ITEMS_0_11_CP_B2_BASE_414_FAILED,ServoPeregrino_Organizador_Items/functions/tests/fn_runDelivery0_11CheckpointB2Tests.sqf
ITEMS_0_11_CP_B3_ALREADY_RUNNING,ServoPeregrino_Organizador_Items/functions/tests/fn_runDelivery0_11CheckpointB3Tests.sqf
ITEMS_0_11_CP_B3_BASE_414_FAILED,ServoPeregrino_Organizador_Items/functions/tests/fn_runDelivery0_11CheckpointB3Tests.sqf
ITEMS_0_11_CP_B4_ALREADY_RUNNING,ServoPeregrino_Organizador_Items/functions/tests/fn_runDelivery0_11CheckpointB4Tests.sqf
ITEMS_0_11_CP_B4_BASE_414_FAILED,ServoPeregrino_Organizador_Items/functions/tests/fn_runDelivery0_11CheckpointB4Tests.sqf
ITEMS_0_11_CP_B5_ALREADY_RUNNING,ServoPeregrino_Organizador_Items/functions/tests/fn_runDelivery0_11CheckpointB5Tests.sqf
ITEMS_0_11_CP_B5_BASE_414_FAILED,ServoPeregrino_Organizador_Items/functions/tests/fn_runDelivery0_11CheckpointB5Tests.sqf
ITEMS_0_11_CP_B61_ALREADY_RUNNING,ServoPeregrino_Organizador_Items/functions/tests/fn_runDelivery0_11CheckpointB61Tests.sqf
ITEMS_0_11_CP_B61_BASE_428_FAILED,ServoPeregrino_Organizador_Items/functions/tests/fn_runDelivery0_11CheckpointB61Tests.sqf
ITEMS_0_11_CP_B6_ALREADY_RUNNING,ServoPeregrino_Organizador_Items/functions/tests/fn_runDelivery0_11CheckpointB6Tests.sqf
ITEMS_0_11_CP_B6_BASE_428_FAILED,ServoPeregrino_Organizador_Items/functions/tests/fn_runDelivery0_11CheckpointB6Tests.sqf
ITEMS_0_11_CP_B7_ALREADY_RUNNING,ServoPeregrino_Organizador_Items/functions/tests/fn_runDelivery0_11CheckpointB7Tests.sqf
ITEMS_0_11_CP_B7_BASE_436_FAILED,ServoPeregrino_Organizador_Items/functions/tests/fn_runDelivery0_11CheckpointB7Tests.sqf
ITEMS_0_11_CP_B_ALREADY_RUNNING,ServoPeregrino_Organizador_Items/functions/tests/fn_runDelivery0_11CheckpointBTests.sqf
ITEMS_0_11_CP_B_BASE_406_FAILED,ServoPeregrino_Organizador_Items/functions/tests/fn_runDelivery0_11CheckpointBTests.sqf
ITEMS_0_11_CP_C_ALREADY_RUNNING,ServoPeregrino_Organizador_Items/functions/tests/fn_runDelivery0_11CheckpointCTests.sqf
ITEMS_0_11_CP_C_BASE_442_FAILED,ServoPeregrino_Organizador_Items/functions/tests/fn_runDelivery0_11CheckpointCTests.sqf
ITEMS_0_11_CP_D_ALREADY_RUNNING,ServoPeregrino_Organizador_Items/functions/tests/fn_runDelivery0_11CheckpointDTests.sqf
ITEMS_0_11_CP_D_BASE_450_FAILED,ServoPeregrino_Organizador_Items/functions/tests/fn_runDelivery0_11CheckpointDTests.sqf
ITEMS_0_12_A_ALREADY_RUNNING,ServoPeregrino_Organizador_Items/functions/tests/fn_runDelivery0_12CheckpointATests.sqf
ITEMS_0_12_A_BASE_460_FAILED,ServoPeregrino_Organizador_Items/functions/tests/fn_runDelivery0_12CheckpointATests.sqf
ITEMS_0_12_B_ALREADY_RUNNING,ServoPeregrino_Organizador_Items/functions/tests/fn_runDelivery0_12CheckpointBTests.sqf
ITEMS_0_12_B_BASE_468_FAILED,ServoPeregrino_Organizador_Items/functions/tests/fn_runDelivery0_12CheckpointBTests.sqf
ITEMS_0_12_B_CALL_DID_NOT_RETURN,ServoPeregrino_Organizador_Items/functions/tests/fn_runDelivery0_12CheckpointCTests.sqf
ITEMS_0_12_C1_CALL_DID_NOT_RETURN,ServoPeregrino_Organizador_Items/functions/tests/fn_runDelivery0_12CheckpointC2Tests.sqf
ITEMS_0_12_C2_ALREADY_RUNNING,ServoPeregrino_Organizador_Items/functions/tests/fn_runDelivery0_12CheckpointC2Tests.sqf
ITEMS_0_12_C2_BASE_488_FAILED,ServoPeregrino_Organizador_Items/functions/tests/fn_runDelivery0_12CheckpointC2Tests.sqf
ITEMS_0_12_C2_CALL_DID_NOT_RETURN,ServoPeregrino_Organizador_Items/functions/tests/fn_runDelivery0_12CheckpointC3Tests.sqf
ITEMS_0_12_C3_ALREADY_RUNNING,ServoPeregrino_Organizador_Items/functions/tests/fn_runDelivery0_12CheckpointC3Tests.sqf
ITEMS_0_12_C3_BASE_494_FAILED,ServoPeregrino_Organizador_Items/functions/tests/fn_runDelivery0_12CheckpointC3Tests.sqf
ITEMS_0_12_C4_ALREADY_RUNNING,ServoPeregrino_Organizador_Items/functions/tests/fn_runDelivery0_12CheckpointC4Tests.sqf
ITEMS_0_12_C4_BASE_500_FAILED,ServoPeregrino_Organizador_Items/functions/tests/fn_runDelivery0_12CheckpointC4Tests.sqf
ITEMS_0_12_C4_BASE_CALL_DID_NOT_RETURN,ServoPeregrino_Organizador_Items/functions/tests/fn_runDelivery0_12CheckpointC4Tests.sqf
ITEMS_0_12_C5_ALREADY_RUNNING,ServoPeregrino_Organizador_Items/functions/tests/fn_runDelivery0_12CheckpointC5Tests.sqf
ITEMS_0_12_C5_BASE_506_FAILED,ServoPeregrino_Organizador_Items/functions/tests/fn_runDelivery0_12CheckpointC5Tests.sqf
ITEMS_0_12_C5_BASE_CALL_DID_NOT_RETURN,ServoPeregrino_Organizador_Items/functions/tests/fn_runDelivery0_12CheckpointC5Tests.sqf
ITEMS_0_12_C6_ALREADY_RUNNING,ServoPeregrino_Organizador_Items/functions/tests/fn_runDelivery0_12CheckpointC6Tests.sqf
ITEMS_0_12_C6_BASE_514_FAILED,ServoPeregrino_Organizador_Items/functions/tests/fn_runDelivery0_12CheckpointC6Tests.sqf
ITEMS_0_12_C6_BASE_CALL_DID_NOT_RETURN,ServoPeregrino_Organizador_Items/functions/tests/fn_runDelivery0_12CheckpointC6Tests.sqf
ITEMS_0_12_C7_ALREADY_RUNNING,ServoPeregrino_Organizador_Items/functions/tests/fn_runDelivery0_12CheckpointC7Tests.sqf
ITEMS_0_12_C7_BASE_524_FAILED,ServoPeregrino_Organizador_Items/functions/tests/fn_runDelivery0_12CheckpointC7Tests.sqf
ITEMS_0_12_C7_BASE_CALL_DID_NOT_RETURN,ServoPeregrino_Organizador_Items/functions/tests/fn_runDelivery0_12CheckpointC7Tests.sqf
ITEMS_0_12_C81_ALREADY_RUNNING,ServoPeregrino_Organizador_Items/functions/tests/fn_runDelivery0_12CheckpointC81Tests.sqf
ITEMS_0_12_C81_BASE_536_FAILED,ServoPeregrino_Organizador_Items/functions/tests/fn_runDelivery0_12CheckpointC81Tests.sqf
ITEMS_0_12_C81_BASE_CALL_DID_NOT_RETURN,ServoPeregrino_Organizador_Items/functions/tests/fn_runDelivery0_12CheckpointC81Tests.sqf
ITEMS_0_12_C8_ALREADY_RUNNING,ServoPeregrino_Organizador_Items/functions/tests/fn_runDelivery0_12CheckpointC8Tests.sqf
ITEMS_0_12_C8_BASE_530_FAILED,ServoPeregrino_Organizador_Items/functions/tests/fn_runDelivery0_12CheckpointC8Tests.sqf
ITEMS_0_12_C8_BASE_CALL_DID_NOT_RETURN,ServoPeregrino_Organizador_Items/functions/tests/fn_runDelivery0_12CheckpointC8Tests.sqf
ITEMS_0_12_C_ALREADY_RUNNING,ServoPeregrino_Organizador_Items/functions/tests/fn_runDelivery0_12CheckpointCTests.sqf
ITEMS_0_12_C_BASE_478_FAILED,ServoPeregrino_Organizador_Items/functions/tests/fn_runDelivery0_12CheckpointCTests.sqf
ITEMS_0_12_D1_ALREADY_RUNNING,ServoPeregrino_Organizador_Items/functions/tests/fn_runDelivery0_12CheckpointD1Tests.sqf
ITEMS_0_12_D1_BASE_542_FAILED,ServoPeregrino_Organizador_Items/functions/tests/fn_runDelivery0_12CheckpointD1Tests.sqf
ITEMS_0_12_D1_BASE_CALL_DID_NOT_RETURN,ServoPeregrino_Organizador_Items/functions/tests/fn_runDelivery0_12CheckpointD1Tests.sqf
ITEMS_0_12_D2_ALREADY_RUNNING,ServoPeregrino_Organizador_Items/functions/tests/fn_runDelivery0_12CheckpointD2Tests.sqf
ITEMS_0_12_D2_BASE_550_FAILED,ServoPeregrino_Organizador_Items/functions/tests/fn_runDelivery0_12CheckpointD2Tests.sqf
ITEMS_0_12_D2_BASE_CALL_DID_NOT_RETURN,ServoPeregrino_Organizador_Items/functions/tests/fn_runDelivery0_12CheckpointD2Tests.sqf
ITEMS_0_12_D3_ALREADY_RUNNING,ServoPeregrino_Organizador_Items/functions/tests/fn_runDelivery0_12CheckpointD3Tests.sqf
ITEMS_0_12_D3_BASE_558_FAILED,ServoPeregrino_Organizador_Items/functions/tests/fn_runDelivery0_12CheckpointD3Tests.sqf
ITEMS_0_12_D3_BASE_CALL_DID_NOT_RETURN,ServoPeregrino_Organizador_Items/functions/tests/fn_runDelivery0_12CheckpointD3Tests.sqf
ITEMS_0_12_D4_ALREADY_RUNNING,ServoPeregrino_Organizador_Items/functions/tests/fn_runDelivery0_12CheckpointD4Tests.sqf
ITEMS_0_12_D4_BASE_566_FAILED,ServoPeregrino_Organizador_Items/functions/tests/fn_runDelivery0_12CheckpointD4Tests.sqf
ITEMS_0_12_D4_BASE_CALL_DID_NOT_RETURN,ServoPeregrino_Organizador_Items/functions/tests/fn_runDelivery0_12CheckpointD4Tests.sqf
ITEMS_0_12_D5_ALREADY_RUNNING,ServoPeregrino_Organizador_Items/functions/tests/fn_runDelivery0_12CheckpointD5Tests.sqf
ITEMS_0_12_D5_BASE_572_FAILED,ServoPeregrino_Organizador_Items/functions/tests/fn_runDelivery0_12CheckpointD5Tests.sqf
ITEMS_0_12_D5_BASE_CALL_DID_NOT_RETURN,ServoPeregrino_Organizador_Items/functions/tests/fn_runDelivery0_12CheckpointD5Tests.sqf
ITEMS_0_12_D61_ALREADY_RUNNING,ServoPeregrino_Organizador_Items/functions/tests/fn_runDelivery0_12CheckpointD61Tests.sqf
ITEMS_0_12_D61_BASE_590_FAILED,ServoPeregrino_Organizador_Items/functions/tests/fn_runDelivery0_12CheckpointD61Tests.sqf
ITEMS_0_12_D61_BASE_CALL_DID_NOT_RETURN,ServoPeregrino_Organizador_Items/functions/tests/fn_runDelivery0_12CheckpointD61Tests.sqf
ITEMS_0_12_D62_ALREADY_RUNNING,ServoPeregrino_Organizador_Items/functions/tests/fn_runDelivery0_12CheckpointD62Tests.sqf
ITEMS_0_12_D62_BASE_594_FAILED,ServoPeregrino_Organizador_Items/functions/tests/fn_runDelivery0_12CheckpointD62Tests.sqf
ITEMS_0_12_D62_BASE_CALL_DID_NOT_RETURN,ServoPeregrino_Organizador_Items/functions/tests/fn_runDelivery0_12CheckpointD62Tests.sqf
ITEMS_0_12_D63_ALREADY_RUNNING,ServoPeregrino_Organizador_Items/functions/tests/fn_runDelivery0_12CheckpointD63Tests.sqf
ITEMS_0_12_D63_BASE_602_FAILED,ServoPeregrino_Organizador_Items/functions/tests/fn_runDelivery0_12CheckpointD63Tests.sqf
ITEMS_0_12_D63_BASE_CALL_DID_NOT_RETURN,ServoPeregrino_Organizador_Items/functions/tests/fn_runDelivery0_12CheckpointD63Tests.sqf
ITEMS_0_12_D64_ALREADY_RUNNING,ServoPeregrino_Organizador_Items/functions/tests/fn_runDelivery0_12CheckpointD64Tests.sqf
ITEMS_0_12_D64_BASE_610_FAILED,ServoPeregrino_Organizador_Items/functions/tests/fn_runDelivery0_12CheckpointD64Tests.sqf
ITEMS_0_12_D64_BASE_CALL_DID_NOT_RETURN,ServoPeregrino_Organizador_Items/functions/tests/fn_runDelivery0_12CheckpointD64Tests.sqf
ITEMS_0_12_D6_ALREADY_RUNNING,ServoPeregrino_Organizador_Items/functions/tests/fn_runDelivery0_12CheckpointD6Tests.sqf
ITEMS_0_12_D6_BASE_580_FAILED,ServoPeregrino_Organizador_Items/functions/tests/fn_runDelivery0_12CheckpointD6Tests.sqf
ITEMS_0_12_D6_BASE_CALL_DID_NOT_RETURN,ServoPeregrino_Organizador_Items/functions/tests/fn_runDelivery0_12CheckpointD6Tests.sqf
ITEMS_0_12_D70_ALREADY_RUNNING,ServoPeregrino_Organizador_Items/functions/tests/fn_runDelivery0_12CheckpointD70Tests.sqf
ITEMS_0_12_D70_BASE_617_FAILED,ServoPeregrino_Organizador_Items/functions/tests/fn_runDelivery0_12CheckpointD70Tests.sqf
ITEMS_0_12_D70_BASE_CALL_DID_NOT_RETURN,ServoPeregrino_Organizador_Items/functions/tests/fn_runDelivery0_12CheckpointD70Tests.sqf
ITEMS_0_12_D71_ALREADY_RUNNING,ServoPeregrino_Organizador_Items/functions/tests/fn_runDelivery0_12CheckpointD71Tests.sqf
ITEMS_0_12_D71_BASE_627_FAILED,ServoPeregrino_Organizador_Items/functions/tests/fn_runDelivery0_12CheckpointD71Tests.sqf
ITEMS_0_12_D71_BASE_CALL_DID_NOT_RETURN,ServoPeregrino_Organizador_Items/functions/tests/fn_runDelivery0_12CheckpointD71Tests.sqf
ITEMS_0_12_D72_ALREADY_RUNNING,ServoPeregrino_Organizador_Items/functions/tests/fn_runDelivery0_12CheckpointD72Tests.sqf
ITEMS_0_12_D72_BASE_633_FAILED,ServoPeregrino_Organizador_Items/functions/tests/fn_runDelivery0_12CheckpointD72Tests.sqf
ITEMS_0_12_D72_BASE_CALL_DID_NOT_RETURN,ServoPeregrino_Organizador_Items/functions/tests/fn_runDelivery0_12CheckpointD72Tests.sqf
ITEMS_0_12_D73_ALREADY_RUNNING,ServoPeregrino_Organizador_Items/functions/tests/fn_runDelivery0_12CheckpointD73Tests.sqf
ITEMS_0_12_D73_BASE_638_FAILED,ServoPeregrino_Organizador_Items/functions/tests/fn_runDelivery0_12CheckpointD73Tests.sqf
ITEMS_0_12_D73_BASE_CALL_DID_NOT_RETURN,ServoPeregrino_Organizador_Items/functions/tests/fn_runDelivery0_12CheckpointD73Tests.sqf
ITEMS_0_12_D74_ALREADY_RUNNING,ServoPeregrino_Organizador_Items/functions/tests/fn_runDelivery0_12CheckpointD74Tests.sqf
ITEMS_0_12_D74_BASE_646_FAILED,ServoPeregrino_Organizador_Items/functions/tests/fn_runDelivery0_12CheckpointD74Tests.sqf
ITEMS_0_12_D74_BASE_CALL_DID_NOT_RETURN,ServoPeregrino_Organizador_Items/functions/tests/fn_runDelivery0_12CheckpointD74Tests.sqf
ITEMS_0_13_A_ALREADY_RUNNING,ServoPeregrino_Organizador_Items/functions/tests/fn_runDelivery0_13CheckpointATests.sqf
ITEMS_ALREADY_INITIALIZED,ServoPeregrino_Organizador_Items/functions/lifecycle/fn_initialize.sqf;ServoPeregrino_Organizador_Items/functions/tests/fn_runDelivery0_1Tests.sqf;ServoPeregrino_Organizador_Items/functions/tests/fn_runDelivery0_2Tests.sqf;ServoPeregrino_Organizador_Items/functions/tests/fn_runDelivery0_3Tests.sqf;ServoPeregrino_Organizador_Items/functions/tests/fn_runDelivery0_4Tests.sqf;ServoPeregrino_Organizador_Items/functions/tests/fn_runDelivery0_4_1Tests.sqf;ServoPeregrino_Organizador_Items/functions/tests/fn_runDelivery0_4_2Tests.sqf;ServoPeregrino_Organizador_Items/functions/tests/fn_runDelivery0_4_3Tests.sqf;ServoPeregrino_Organizador_Items/functions/tests/fn_runDelivery0_5Tests.sqf;ServoPeregrino_Organizador_Items/functions/tests/fn_runDelivery0_5_1Tests.sqf;ServoPeregrino_Organizador_Items/functions/tests/fn_runDelivery0_6Tests.sqf;ServoPeregrino_Organizador_Items/functions/tests/fn_runDelivery0_6_1Tests.sqf;ServoPeregrino_Organizador_Items/functions/tests/fn_runDelivery0_7Tests.sqf;ServoPeregrino_Organizador_Items/functions/tests/fn_runDelivery0_7_1Tests.sqf;ServoPeregrino_Organizador_Items/functions/tests/fn_runDelivery0_7_2Tests.sqf;ServoPeregrino_Organizador_Items/functions/tests/fn_runDelivery0_8Tests.sqf;ServoPeregrino_Organizador_Items/functions/tests/fn_runDelivery0_8_1Tests.sqf;ServoPeregrino_Organizador_Items/functions/tests/fn_runDelivery0_8_2Tests.sqf;ServoPeregrino_Organizador_Items/functions/tests/fn_runDelivery0_8_3Tests.sqf;ServoPeregrino_Organizador_Items/functions/tests/fn_runDelivery0_9Tests.sqf;ServoPeregrino_Organizador_Items/functions/tests/fn_runDelivery0_9_1Tests.sqf;ServoPeregrino_Organizador_Items/functions/tests/fn_runDelivery0_9_2Tests.sqf;ServoPeregrino_Organizador_Items/functions/tests/fn_runDelivery0_9_3Tests.sqf
ITEMS_APPLICATION_BUSY,ServoPeregrino_Organizador_Items/functions/application/fn_acquireApplicationLock.sqf;ServoPeregrino_Organizador_Items/functions/tests/fn_runDelivery0_10CheckpointBTests.sqf;ServoPeregrino_Organizador_Items/functions/tests/fn_runDelivery0_9Tests.sqf;ServoPeregrino_Organizador_Items/functions/tests/fn_runDelivery0_9_1Tests.sqf;ServoPeregrino_Organizador_Items/functions/tests/fn_runDelivery0_9_2Tests.sqf;ServoPeregrino_Organizador_Items/functions/tests/fn_runDelivery0_9_3Tests.sqf
ITEMS_APPLICATION_COMPLETE,ServoPeregrino_Organizador_Items/functions/application/fn_executeApplicationPlan.sqf;ServoPeregrino_Organizador_Items/functions/tests/fn_runDelivery0_11CheckpointB1Tests.sqf;ServoPeregrino_Organizador_Items/functions/tests/fn_runDelivery0_11CheckpointBTests.sqf;ServoPeregrino_Organizador_Items/functions/tests/fn_runDelivery0_12CheckpointD2Tests.sqf
ITEMS_APPLICATION_LOCK_ACQUIRED,ServoPeregrino_Organizador_Items/functions/application/fn_acquireApplicationLock.sqf
ITEMS_APPLICATION_LOCK_NOT_OWNER,ServoPeregrino_Organizador_Items/functions/application/fn_releaseApplicationLock.sqf
ITEMS_APPLICATION_LOCK_RELEASED,ServoPeregrino_Organizador_Items/functions/application/fn_releaseApplicationLock.sqf
ITEMS_APPLICATION_LOCK_STALE_RECOVERED,ServoPeregrino_Organizador_Items/functions/application/fn_acquireApplicationLock.sqf
ITEMS_APPLICATION_PARTIAL,ServoPeregrino_Organizador_Items/functions/application/fn_executeApplicationPlan.sqf;ServoPeregrino_Organizador_Items/functions/tests/fn_runDelivery0_11CheckpointB1Tests.sqf;ServoPeregrino_Organizador_Items/functions/tests/fn_runDelivery0_11CheckpointBTests.sqf;ServoPeregrino_Organizador_Items/functions/ui/fn_classifyUIOutcome.sqf
ITEMS_APPLICATION_PLAN_READY,ServoPeregrino_Organizador_Items/functions/application/fn_createApplicationPlan.sqf
ITEMS_APPLICATION_PLAN_VALID,ServoPeregrino_Organizador_Items/functions/application/fn_validateApplicationPlan.sqf
ITEMS_APPLICATION_POLICY_INVALID,ServoPeregrino_Organizador_Items/functions/application/fn_createApplicationPlan.sqf
ITEMS_APPLICATION_STATUS,ServoPeregrino_Organizador_Items/functions/application/fn_getApplicationStatus.sqf
ITEMS_APPLICATION_TARGET_RESOLVED,ServoPeregrino_Organizador_Items/functions/application/fn_resolveApplicationTarget.sqf
ITEMS_APPLICATION_TARGET_SELECTED,ServoPeregrino_Organizador_Items/functions/application/fn_chooseApplicationTarget.sqf
ITEMS_CAPTURE_COMPLETED,ServoPeregrino_Organizador_Items/functions/inventory/fn_capturePlayerContainers.sqf;ServoPeregrino_Organizador_Items/functions/tests/fn_runDelivery0_4Tests.sqf;ServoPeregrino_Organizador_Items/functions/tests/fn_runDelivery0_4_1Tests.sqf;ServoPeregrino_Organizador_Items/functions/tests/fn_runDelivery0_4_2Tests.sqf;ServoPeregrino_Organizador_Items/functions/tests/fn_runDelivery0_4_3Tests.sqf;ServoPeregrino_Organizador_Items/functions/tests/fn_runDelivery0_5Tests.sqf;ServoPeregrino_Organizador_Items/functions/tests/fn_runDelivery0_5_1Tests.sqf;ServoPeregrino_Organizador_Items/functions/tests/fn_runDelivery0_6Tests.sqf;ServoPeregrino_Organizador_Items/functions/tests/fn_runDelivery0_6_1Tests.sqf;ServoPeregrino_Organizador_Items/functions/tests/fn_runDelivery0_7Tests.sqf;ServoPeregrino_Organizador_Items/functions/tests/fn_runDelivery0_7_1Tests.sqf;ServoPeregrino_Organizador_Items/functions/tests/fn_runDelivery0_7_2Tests.sqf;ServoPeregrino_Organizador_Items/functions/tests/fn_runDelivery0_8Tests.sqf;ServoPeregrino_Organizador_Items/functions/tests/fn_runDelivery0_8_1Tests.sqf;ServoPeregrino_Organizador_Items/functions/tests/fn_runDelivery0_8_2Tests.sqf;ServoPeregrino_Organizador_Items/functions/tests/fn_runDelivery0_8_3Tests.sqf;ServoPeregrino_Organizador_Items/functions/tests/fn_runDelivery0_9Tests.sqf;ServoPeregrino_Organizador_Items/functions/tests/fn_runDelivery0_9_1Tests.sqf;ServoPeregrino_Organizador_Items/functions/tests/fn_runDelivery0_9_2Tests.sqf;ServoPeregrino_Organizador_Items/functions/tests/fn_runDelivery0_9_3Tests.sqf
ITEMS_CAPTURE_DRAFT_CREATED,ServoPeregrino_Organizador_Items/functions/draft/fn_createCaptureDraft.sqf
ITEMS_CAPTURE_ENTRY_FAILED,ServoPeregrino_Organizador_Items/functions/inventory/fn_analyzeContainerCargo.sqf
ITEMS_CAPTURE_MAGAZINE_STATE_INVALID,ServoPeregrino_Organizador_Items/functions/inventory/fn_analyzeContainerCargo.sqf
ITEMS_CAPTURE_MUTATED_LOADOUT,ServoPeregrino_Organizador_Items/functions/inventory/fn_capturePlayerContainer.sqf;ServoPeregrino_Organizador_Items/functions/inventory/fn_capturePlayerContainers.sqf
ITEMS_CAPTURE_UNIT_NOT_LOCAL,ServoPeregrino_Organizador_Items/functions/inventory/fn_resolvePlayerContainer.sqf
ITEMS_CAPTURE_UNIT_NULL,ServoPeregrino_Organizador_Items/functions/inventory/fn_capturePlayerContainers.sqf;ServoPeregrino_Organizador_Items/functions/inventory/fn_getLoadoutFingerprint.sqf;ServoPeregrino_Organizador_Items/functions/inventory/fn_resolvePlayerContainer.sqf;ServoPeregrino_Organizador_Items/functions/tests/fn_runDelivery0_4Tests.sqf;ServoPeregrino_Organizador_Items/functions/tests/fn_runDelivery0_4_1Tests.sqf;ServoPeregrino_Organizador_Items/functions/tests/fn_runDelivery0_4_2Tests.sqf;ServoPeregrino_Organizador_Items/functions/tests/fn_runDelivery0_4_3Tests.sqf;ServoPeregrino_Organizador_Items/functions/tests/fn_runDelivery0_5Tests.sqf;ServoPeregrino_Organizador_Items/functions/tests/fn_runDelivery0_5_1Tests.sqf;ServoPeregrino_Organizador_Items/functions/tests/fn_runDelivery0_6Tests.sqf;ServoPeregrino_Organizador_Items/functions/tests/fn_runDelivery0_6_1Tests.sqf;ServoPeregrino_Organizador_Items/functions/tests/fn_runDelivery0_7Tests.sqf;ServoPeregrino_Organizador_Items/functions/tests/fn_runDelivery0_7_1Tests.sqf;ServoPeregrino_Organizador_Items/functions/tests/fn_runDelivery0_7_2Tests.sqf;ServoPeregrino_Organizador_Items/functions/tests/fn_runDelivery0_8Tests.sqf;ServoPeregrino_Organizador_Items/functions/tests/fn_runDelivery0_8_1Tests.sqf;ServoPeregrino_Organizador_Items/functions/tests/fn_runDelivery0_8_2Tests.sqf;ServoPeregrino_Organizador_Items/functions/tests/fn_runDelivery0_8_3Tests.sqf;ServoPeregrino_Organizador_Items/functions/tests/fn_runDelivery0_9Tests.sqf;ServoPeregrino_Organizador_Items/functions/tests/fn_runDelivery0_9_1Tests.sqf;ServoPeregrino_Organizador_Items/functions/tests/fn_runDelivery0_9_2Tests.sqf;ServoPeregrino_Organizador_Items/functions/tests/fn_runDelivery0_9_3Tests.sqf
ITEMS_CARGO_CLASS_CLASSIFIED,ServoPeregrino_Organizador_Items/functions/inventory/fn_classifyCargoClass.sqf
ITEMS_CATALOG_BUILD_BUSY,ServoPeregrino_Organizador_Items/functions/catalog/fn_invalidateCatalogCache.sqf;ServoPeregrino_Organizador_Items/functions/tests/fn_runDelivery0_5_1Tests.sqf;ServoPeregrino_Organizador_Items/functions/tests/fn_runDelivery0_6Tests.sqf;ServoPeregrino_Organizador_Items/functions/tests/fn_runDelivery0_6_1Tests.sqf;ServoPeregrino_Organizador_Items/functions/tests/fn_runDelivery0_7Tests.sqf;ServoPeregrino_Organizador_Items/functions/tests/fn_runDelivery0_7_1Tests.sqf;ServoPeregrino_Organizador_Items/functions/tests/fn_runDelivery0_7_2Tests.sqf;ServoPeregrino_Organizador_Items/functions/tests/fn_runDelivery0_8Tests.sqf;ServoPeregrino_Organizador_Items/functions/tests/fn_runDelivery0_8_1Tests.sqf;ServoPeregrino_Organizador_Items/functions/tests/fn_runDelivery0_8_2Tests.sqf;ServoPeregrino_Organizador_Items/functions/tests/fn_runDelivery0_8_3Tests.sqf;ServoPeregrino_Organizador_Items/functions/tests/fn_runDelivery0_9Tests.sqf;ServoPeregrino_Organizador_Items/functions/tests/fn_runDelivery0_9_1Tests.sqf;ServoPeregrino_Organizador_Items/functions/tests/fn_runDelivery0_9_2Tests.sqf;ServoPeregrino_Organizador_Items/functions/tests/fn_runDelivery0_9_3Tests.sqf
ITEMS_CATALOG_BUILD_IN_PROGRESS,ServoPeregrino_Organizador_Items/functions/catalog/fn_buildCatalog.sqf;ServoPeregrino_Organizador_Items/functions/tests/fn_runDelivery0_5_1Tests.sqf;ServoPeregrino_Organizador_Items/functions/tests/fn_runDelivery0_6Tests.sqf;ServoPeregrino_Organizador_Items/functions/tests/fn_runDelivery0_6_1Tests.sqf;ServoPeregrino_Organizador_Items/functions/tests/fn_runDelivery0_7Tests.sqf;ServoPeregrino_Organizador_Items/functions/tests/fn_runDelivery0_7_1Tests.sqf;ServoPeregrino_Organizador_Items/functions/tests/fn_runDelivery0_7_2Tests.sqf;ServoPeregrino_Organizador_Items/functions/tests/fn_runDelivery0_8Tests.sqf;ServoPeregrino_Organizador_Items/functions/tests/fn_runDelivery0_8_1Tests.sqf;ServoPeregrino_Organizador_Items/functions/tests/fn_runDelivery0_8_2Tests.sqf;ServoPeregrino_Organizador_Items/functions/tests/fn_runDelivery0_8_3Tests.sqf;ServoPeregrino_Organizador_Items/functions/tests/fn_runDelivery0_9Tests.sqf;ServoPeregrino_Organizador_Items/functions/tests/fn_runDelivery0_9_1Tests.sqf;ServoPeregrino_Organizador_Items/functions/tests/fn_runDelivery0_9_2Tests.sqf;ServoPeregrino_Organizador_Items/functions/tests/fn_runDelivery0_9_3Tests.sqf
ITEMS_CATALOG_BUILT,ServoPeregrino_Organizador_Items/functions/catalog/fn_buildCatalog.sqf
ITEMS_CATALOG_CACHE_HIT,ServoPeregrino_Organizador_Items/functions/catalog/fn_buildCatalog.sqf
ITEMS_CATALOG_CACHE_INVALIDATED,ServoPeregrino_Organizador_Items/functions/catalog/fn_invalidateCatalogCache.sqf;ServoPeregrino_Organizador_Items/functions/tests/fn_runDelivery0_5Tests.sqf;ServoPeregrino_Organizador_Items/functions/tests/fn_runDelivery0_5_1Tests.sqf;ServoPeregrino_Organizador_Items/functions/tests/fn_runDelivery0_6Tests.sqf;ServoPeregrino_Organizador_Items/functions/tests/fn_runDelivery0_6_1Tests.sqf;ServoPeregrino_Organizador_Items/functions/tests/fn_runDelivery0_7Tests.sqf;ServoPeregrino_Organizador_Items/functions/tests/fn_runDelivery0_7_1Tests.sqf;ServoPeregrino_Organizador_Items/functions/tests/fn_runDelivery0_7_2Tests.sqf;ServoPeregrino_Organizador_Items/functions/tests/fn_runDelivery0_8Tests.sqf;ServoPeregrino_Organizador_Items/functions/tests/fn_runDelivery0_8_1Tests.sqf;ServoPeregrino_Organizador_Items/functions/tests/fn_runDelivery0_8_2Tests.sqf;ServoPeregrino_Organizador_Items/functions/tests/fn_runDelivery0_8_3Tests.sqf;ServoPeregrino_Organizador_Items/functions/tests/fn_runDelivery0_9Tests.sqf;ServoPeregrino_Organizador_Items/functions/tests/fn_runDelivery0_9_1Tests.sqf;ServoPeregrino_Organizador_Items/functions/tests/fn_runDelivery0_9_2Tests.sqf;ServoPeregrino_Organizador_Items/functions/tests/fn_runDelivery0_9_3Tests.sqf
ITEMS_CATALOG_CATEGORY_INVALID,ServoPeregrino_Organizador_Items/functions/catalog/fn_filterCatalog.sqf;ServoPeregrino_Organizador_Items/functions/tests/fn_runDelivery0_5Tests.sqf;ServoPeregrino_Organizador_Items/functions/tests/fn_runDelivery0_5_1Tests.sqf;ServoPeregrino_Organizador_Items/functions/tests/fn_runDelivery0_6Tests.sqf;ServoPeregrino_Organizador_Items/functions/tests/fn_runDelivery0_6_1Tests.sqf;ServoPeregrino_Organizador_Items/functions/tests/fn_runDelivery0_7Tests.sqf;ServoPeregrino_Organizador_Items/functions/tests/fn_runDelivery0_7_1Tests.sqf;ServoPeregrino_Organizador_Items/functions/tests/fn_runDelivery0_7_2Tests.sqf;ServoPeregrino_Organizador_Items/functions/tests/fn_runDelivery0_8Tests.sqf;ServoPeregrino_Organizador_Items/functions/tests/fn_runDelivery0_8_1Tests.sqf;ServoPeregrino_Organizador_Items/functions/tests/fn_runDelivery0_8_2Tests.sqf;ServoPeregrino_Organizador_Items/functions/tests/fn_runDelivery0_8_3Tests.sqf;ServoPeregrino_Organizador_Items/functions/tests/fn_runDelivery0_9Tests.sqf;ServoPeregrino_Organizador_Items/functions/tests/fn_runDelivery0_9_1Tests.sqf;ServoPeregrino_Organizador_Items/functions/tests/fn_runDelivery0_9_2Tests.sqf;ServoPeregrino_Organizador_Items/functions/tests/fn_runDelivery0_9_3Tests.sqf
ITEMS_CATALOG_CLASS_EMPTY,ServoPeregrino_Organizador_Items/functions/catalog/fn_resolveCatalogItem.sqf
ITEMS_CATALOG_EMPTY,ServoPeregrino_Organizador_Items/functions/catalog/fn_buildCatalog.sqf
ITEMS_CATALOG_FILTERED,ServoPeregrino_Organizador_Items/functions/catalog/fn_filterCatalog.sqf
ITEMS_CATALOG_ITEM_CREATED,ServoPeregrino_Organizador_Items/functions/catalog/fn_createCatalogItemFromConfig.sqf
ITEMS_CATALOG_ITEM_FOREIGN_DOMAIN,ServoPeregrino_Organizador_Items/functions/catalog/fn_createCatalogItemFromConfig.sqf
ITEMS_CATALOG_ITEM_RESOLVED_CACHE,ServoPeregrino_Organizador_Items/functions/catalog/fn_resolveCatalogItem.sqf
ITEMS_CATALOG_ITEM_RESOLVED_DIRECT,ServoPeregrino_Organizador_Items/functions/catalog/fn_resolveCatalogItem.sqf
ITEMS_CATALOG_ITEM_RESOLVED_FOREIGN_DOMAIN,ServoPeregrino_Organizador_Items/functions/catalog/fn_resolveCatalogItem.sqf
ITEMS_CATALOG_ITEM_RESOLVED_UNAVAILABLE,ServoPeregrino_Organizador_Items/functions/catalog/fn_createCatalogItemFromConfig.sqf;ServoPeregrino_Organizador_Items/functions/catalog/fn_resolveCatalogItem.sqf
ITEMS_CATALOG_READY,ServoPeregrino_Organizador_Items/functions/catalog/fn_getCatalog.sqf;ServoPeregrino_Organizador_Items/functions/tests/fn_runDelivery0_5Tests.sqf;ServoPeregrino_Organizador_Items/functions/tests/fn_runDelivery0_5_1Tests.sqf;ServoPeregrino_Organizador_Items/functions/tests/fn_runDelivery0_6Tests.sqf;ServoPeregrino_Organizador_Items/functions/tests/fn_runDelivery0_6_1Tests.sqf;ServoPeregrino_Organizador_Items/functions/tests/fn_runDelivery0_7Tests.sqf;ServoPeregrino_Organizador_Items/functions/tests/fn_runDelivery0_7_1Tests.sqf;ServoPeregrino_Organizador_Items/functions/tests/fn_runDelivery0_7_2Tests.sqf;ServoPeregrino_Organizador_Items/functions/tests/fn_runDelivery0_8Tests.sqf;ServoPeregrino_Organizador_Items/functions/tests/fn_runDelivery0_8_1Tests.sqf;ServoPeregrino_Organizador_Items/functions/tests/fn_runDelivery0_8_2Tests.sqf;ServoPeregrino_Organizador_Items/functions/tests/fn_runDelivery0_8_3Tests.sqf;ServoPeregrino_Organizador_Items/functions/tests/fn_runDelivery0_9Tests.sqf;ServoPeregrino_Organizador_Items/functions/tests/fn_runDelivery0_9_1Tests.sqf;ServoPeregrino_Organizador_Items/functions/tests/fn_runDelivery0_9_2Tests.sqf;ServoPeregrino_Organizador_Items/functions/tests/fn_runDelivery0_9_3Tests.sqf
ITEMS_CATALOG_STATUS,ServoPeregrino_Organizador_Items/functions/catalog/fn_getCatalogStatus.sqf
ITEMS_CLASS_AVAILABLE,ServoPeregrino_Organizador_Items/functions/domain/fn_validateItemEntryEnvironmental.sqf
ITEMS_CLASS_UNAVAILABLE,ServoPeregrino_Organizador_Items/functions/application/fn_createApplicationPlan.sqf;ServoPeregrino_Organizador_Items/functions/domain/fn_validateItemEntryEnvironmental.sqf;ServoPeregrino_Organizador_Items/functions/domain/fn_validateItemKitEnvironmental.sqf;ServoPeregrino_Organizador_Items/functions/tests/fn_runDelivery0_2Tests.sqf;ServoPeregrino_Organizador_Items/functions/tests/fn_runDelivery0_3Tests.sqf;ServoPeregrino_Organizador_Items/functions/tests/fn_runDelivery0_4Tests.sqf;ServoPeregrino_Organizador_Items/functions/tests/fn_runDelivery0_4_1Tests.sqf;ServoPeregrino_Organizador_Items/functions/tests/fn_runDelivery0_4_2Tests.sqf;ServoPeregrino_Organizador_Items/functions/tests/fn_runDelivery0_4_3Tests.sqf;ServoPeregrino_Organizador_Items/functions/tests/fn_runDelivery0_5Tests.sqf;ServoPeregrino_Organizador_Items/functions/tests/fn_runDelivery0_5_1Tests.sqf;ServoPeregrino_Organizador_Items/functions/tests/fn_runDelivery0_6Tests.sqf;ServoPeregrino_Organizador_Items/functions/tests/fn_runDelivery0_6_1Tests.sqf;ServoPeregrino_Organizador_Items/functions/tests/fn_runDelivery0_7Tests.sqf;ServoPeregrino_Organizador_Items/functions/tests/fn_runDelivery0_7_1Tests.sqf;ServoPeregrino_Organizador_Items/functions/tests/fn_runDelivery0_7_2Tests.sqf;ServoPeregrino_Organizador_Items/functions/tests/fn_runDelivery0_8Tests.sqf;ServoPeregrino_Organizador_Items/functions/tests/fn_runDelivery0_8_1Tests.sqf;ServoPeregrino_Organizador_Items/functions/tests/fn_runDelivery0_8_2Tests.sqf;ServoPeregrino_Organizador_Items/functions/tests/fn_runDelivery0_8_3Tests.sqf;ServoPeregrino_Organizador_Items/functions/tests/fn_runDelivery0_9Tests.sqf;ServoPeregrino_Organizador_Items/functions/tests/fn_runDelivery0_9_1Tests.sqf;ServoPeregrino_Organizador_Items/functions/tests/fn_runDelivery0_9_2Tests.sqf;ServoPeregrino_Organizador_Items/functions/tests/fn_runDelivery0_9_3Tests.sqf
ITEMS_CLEAR_PLAN_READY,ServoPeregrino_Organizador_Items/functions/application/fn_createClearApplicationPlan.sqf
ITEMS_COMMIT_ACTION_FAILED,ServoPeregrino_Organizador_Items/functions/application/fn_executeApplicationPlan.sqf
ITEMS_CONTAINER_ABSENT,ServoPeregrino_Organizador_Items/functions/application/fn_chooseApplicationTarget.sqf;ServoPeregrino_Organizador_Items/functions/inventory/fn_capturePlayerContainers.sqf;ServoPeregrino_Organizador_Items/functions/inventory/fn_resolvePlayerContainer.sqf;ServoPeregrino_Organizador_Items/functions/tests/fn_runDelivery0_4Tests.sqf;ServoPeregrino_Organizador_Items/functions/tests/fn_runDelivery0_4_1Tests.sqf;ServoPeregrino_Organizador_Items/functions/tests/fn_runDelivery0_4_2Tests.sqf;ServoPeregrino_Organizador_Items/functions/tests/fn_runDelivery0_4_3Tests.sqf;ServoPeregrino_Organizador_Items/functions/tests/fn_runDelivery0_5Tests.sqf;ServoPeregrino_Organizador_Items/functions/tests/fn_runDelivery0_5_1Tests.sqf;ServoPeregrino_Organizador_Items/functions/tests/fn_runDelivery0_6Tests.sqf;ServoPeregrino_Organizador_Items/functions/tests/fn_runDelivery0_6_1Tests.sqf;ServoPeregrino_Organizador_Items/functions/tests/fn_runDelivery0_7Tests.sqf;ServoPeregrino_Organizador_Items/functions/tests/fn_runDelivery0_7_1Tests.sqf
ITEMS_CONTAINER_ACTION_APPLIED,ServoPeregrino_Organizador_Items/functions/application/fn_mutateContainerEntry.sqf
ITEMS_CONTAINER_CAPACITY_READY,ServoPeregrino_Organizador_Items/functions/inventory/fn_getContainerCapacityMetrics.sqf
ITEMS_CONTAINER_CAPTURED_READ_ONLY,ServoPeregrino_Organizador_Items/functions/inventory/fn_capturePlayerContainer.sqf
ITEMS_CONTAINER_CARGO_ANALYZED,ServoPeregrino_Organizador_Items/functions/inventory/fn_analyzeContainerCargo.sqf
ITEMS_CONTAINER_CONTENT_CAPTURED,ServoPeregrino_Organizador_Items/functions/inventory/fn_captureContainerContent.sqf
ITEMS_CONTAINER_NULL,ServoPeregrino_Organizador_Items/functions/application/fn_createApplicationPlan.sqf;ServoPeregrino_Organizador_Items/functions/application/fn_createClearApplicationPlan.sqf;ServoPeregrino_Organizador_Items/functions/application/fn_createReplaceApplicationPlan.sqf;ServoPeregrino_Organizador_Items/functions/application/fn_mutateContainerEntry.sqf;ServoPeregrino_Organizador_Items/functions/application/fn_validateApplicationPlan.sqf;ServoPeregrino_Organizador_Items/functions/inventory/fn_captureContainerContent.sqf;ServoPeregrino_Organizador_Items/functions/inventory/fn_getContainerCapacityMetrics.sqf;ServoPeregrino_Organizador_Items/functions/tests/fn_runDelivery0_9Tests.sqf;ServoPeregrino_Organizador_Items/functions/tests/fn_runDelivery0_9_1Tests.sqf;ServoPeregrino_Organizador_Items/functions/tests/fn_runDelivery0_9_2Tests.sqf;ServoPeregrino_Organizador_Items/functions/tests/fn_runDelivery0_9_3Tests.sqf
ITEMS_CONTAINER_OPERATION_INVALID,ServoPeregrino_Organizador_Items/functions/application/fn_mutateContainerEntry.sqf
ITEMS_CONTAINER_RESOLVED,ServoPeregrino_Organizador_Items/functions/inventory/fn_resolvePlayerContainer.sqf
ITEMS_CONTAINER_SNAPSHOT_READY,ServoPeregrino_Organizador_Items/functions/application/fn_captureContainerSnapshot.sqf
ITEMS_CONTAINER_TARGET_INVALID,ServoPeregrino_Organizador_Items/functions/application/fn_chooseApplicationTarget.sqf;ServoPeregrino_Organizador_Items/functions/application/fn_createApplicationPlan.sqf;ServoPeregrino_Organizador_Items/functions/application/fn_createClearApplicationPlan.sqf;ServoPeregrino_Organizador_Items/functions/application/fn_createReplaceApplicationPlan.sqf;ServoPeregrino_Organizador_Items/functions/inventory/fn_capturePlayerContainers.sqf;ServoPeregrino_Organizador_Items/functions/inventory/fn_resolvePlayerContainer.sqf;ServoPeregrino_Organizador_Items/functions/tests/fn_runDelivery0_4Tests.sqf;ServoPeregrino_Organizador_Items/functions/tests/fn_runDelivery0_4_1Tests.sqf;ServoPeregrino_Organizador_Items/functions/tests/fn_runDelivery0_4_2Tests.sqf;ServoPeregrino_Organizador_Items/functions/tests/fn_runDelivery0_4_3Tests.sqf;ServoPeregrino_Organizador_Items/functions/tests/fn_runDelivery0_5Tests.sqf;ServoPeregrino_Organizador_Items/functions/tests/fn_runDelivery0_5_1Tests.sqf;ServoPeregrino_Organizador_Items/functions/tests/fn_runDelivery0_6Tests.sqf;ServoPeregrino_Organizador_Items/functions/tests/fn_runDelivery0_6_1Tests.sqf;ServoPeregrino_Organizador_Items/functions/tests/fn_runDelivery0_7Tests.sqf;ServoPeregrino_Organizador_Items/functions/tests/fn_runDelivery0_7_1Tests.sqf;ServoPeregrino_Organizador_Items/functions/tests/fn_runDelivery0_7_2Tests.sqf;ServoPeregrino_Organizador_Items/functions/tests/fn_runDelivery0_8Tests.sqf;ServoPeregrino_Organizador_Items/functions/tests/fn_runDelivery0_8_1Tests.sqf;ServoPeregrino_Organizador_Items/functions/tests/fn_runDelivery0_8_2Tests.sqf;ServoPeregrino_Organizador_Items/functions/tests/fn_runDelivery0_8_3Tests.sqf;ServoPeregrino_Organizador_Items/functions/tests/fn_runDelivery0_9Tests.sqf;ServoPeregrino_Organizador_Items/functions/tests/fn_runDelivery0_9_1Tests.sqf;ServoPeregrino_Organizador_Items/functions/tests/fn_runDelivery0_9_2Tests.sqf;ServoPeregrino_Organizador_Items/functions/tests/fn_runDelivery0_9_3Tests.sqf
ITEMS_CONTAINER_UNAVAILABLE,ServoPeregrino_Organizador_Items/functions/ui/fn_buildUIViewModel.sqf
ITEMS_CONTENT_CLASS_CLASSIFIED,ServoPeregrino_Organizador_Items/functions/catalog/fn_classifyContentClass.sqf;ServoPeregrino_Organizador_Items/functions/inventory/fn_classifyCargoClass.sqf
ITEMS_CONTENT_CLASS_EMPTY,ServoPeregrino_Organizador_Items/functions/catalog/fn_classifyContentClass.sqf
ITEMS_CONTENT_CLASS_UNAVAILABLE,ServoPeregrino_Organizador_Items/functions/catalog/fn_classifyContentClass.sqf
ITEMS_CONTENT_NOT_PRESENT,ServoPeregrino_Organizador_Items/functions/application/fn_createApplicationPlan.sqf
ITEMS_DRAFT_APPLICATION_SOURCE_READY,ServoPeregrino_Organizador_Items/functions/application/fn_getDraftApplicationSource.sqf
ITEMS_DRAFT_CAPTURE_INVALID,ServoPeregrino_Organizador_Items/functions/draft/fn_openCaptureDraft.sqf
ITEMS_DRAFT_CAPTURE_OPENED,ServoPeregrino_Organizador_Items/functions/draft/fn_openCaptureDraft.sqf
ITEMS_DRAFT_CATALOG_ITEM_ADDED,ServoPeregrino_Organizador_Items/functions/draft/fn_addCatalogItemToDraft.sqf
ITEMS_DRAFT_CATALOG_ITEM_FOREIGN_DOMAIN,ServoPeregrino_Organizador_Items/functions/draft/fn_addCatalogItemToDraft.sqf;ServoPeregrino_Organizador_Items/functions/tests/fn_runDelivery0_6Tests.sqf;ServoPeregrino_Organizador_Items/functions/tests/fn_runDelivery0_6_1Tests.sqf;ServoPeregrino_Organizador_Items/functions/tests/fn_runDelivery0_7Tests.sqf;ServoPeregrino_Organizador_Items/functions/tests/fn_runDelivery0_7_1Tests.sqf;ServoPeregrino_Organizador_Items/functions/tests/fn_runDelivery0_7_2Tests.sqf;ServoPeregrino_Organizador_Items/functions/tests/fn_runDelivery0_8Tests.sqf;ServoPeregrino_Organizador_Items/functions/tests/fn_runDelivery0_8_1Tests.sqf;ServoPeregrino_Organizador_Items/functions/tests/fn_runDelivery0_8_2Tests.sqf;ServoPeregrino_Organizador_Items/functions/tests/fn_runDelivery0_8_3Tests.sqf;ServoPeregrino_Organizador_Items/functions/tests/fn_runDelivery0_9Tests.sqf;ServoPeregrino_Organizador_Items/functions/tests/fn_runDelivery0_9_1Tests.sqf;ServoPeregrino_Organizador_Items/functions/tests/fn_runDelivery0_9_2Tests.sqf;ServoPeregrino_Organizador_Items/functions/tests/fn_runDelivery0_9_3Tests.sqf
ITEMS_DRAFT_CATALOG_ITEM_UNAVAILABLE,ServoPeregrino_Organizador_Items/functions/draft/fn_addCatalogItemToDraft.sqf;ServoPeregrino_Organizador_Items/functions/tests/fn_runDelivery0_6Tests.sqf;ServoPeregrino_Organizador_Items/functions/tests/fn_runDelivery0_6_1Tests.sqf;ServoPeregrino_Organizador_Items/functions/tests/fn_runDelivery0_7Tests.sqf;ServoPeregrino_Organizador_Items/functions/tests/fn_runDelivery0_7_1Tests.sqf;ServoPeregrino_Organizador_Items/functions/tests/fn_runDelivery0_7_2Tests.sqf;ServoPeregrino_Organizador_Items/functions/tests/fn_runDelivery0_8Tests.sqf;ServoPeregrino_Organizador_Items/functions/tests/fn_runDelivery0_8_1Tests.sqf;ServoPeregrino_Organizador_Items/functions/tests/fn_runDelivery0_8_2Tests.sqf;ServoPeregrino_Organizador_Items/functions/tests/fn_runDelivery0_8_3Tests.sqf;ServoPeregrino_Organizador_Items/functions/tests/fn_runDelivery0_9Tests.sqf;ServoPeregrino_Organizador_Items/functions/tests/fn_runDelivery0_9_1Tests.sqf;ServoPeregrino_Organizador_Items/functions/tests/fn_runDelivery0_9_2Tests.sqf;ServoPeregrino_Organizador_Items/functions/tests/fn_runDelivery0_9_3Tests.sqf
ITEMS_DRAFT_CLEAR_NOOP,ServoPeregrino_Organizador_Items/functions/draft/fn_clearDraftEntries.sqf;ServoPeregrino_Organizador_Items/functions/tests/fn_runDelivery0_11CheckpointATests.sqf
ITEMS_DRAFT_DETACHED_FROM_DELETED_KIT,ServoPeregrino_Organizador_Items/functions/draft/fn_detachDraftFromPersistedKit.sqf
ITEMS_DRAFT_DETACH_NOOP,ServoPeregrino_Organizador_Items/functions/draft/fn_deleteKitPreservingDraft.sqf;ServoPeregrino_Organizador_Items/functions/draft/fn_detachDraftFromPersistedKit.sqf
ITEMS_DRAFT_DIRTY_BLOCKS_REPLACE,ServoPeregrino_Organizador_Items/functions/draft/fn_createNewDraft.sqf;ServoPeregrino_Organizador_Items/functions/draft/fn_loadDraftFromKit.sqf;ServoPeregrino_Organizador_Items/functions/draft/fn_openCaptureDraft.sqf;ServoPeregrino_Organizador_Items/functions/tests/fn_runDelivery0_6Tests.sqf;ServoPeregrino_Organizador_Items/functions/tests/fn_runDelivery0_6_1Tests.sqf;ServoPeregrino_Organizador_Items/functions/tests/fn_runDelivery0_7Tests.sqf;ServoPeregrino_Organizador_Items/functions/tests/fn_runDelivery0_7_1Tests.sqf;ServoPeregrino_Organizador_Items/functions/tests/fn_runDelivery0_7_2Tests.sqf;ServoPeregrino_Organizador_Items/functions/tests/fn_runDelivery0_8Tests.sqf;ServoPeregrino_Organizador_Items/functions/tests/fn_runDelivery0_8_1Tests.sqf;ServoPeregrino_Organizador_Items/functions/tests/fn_runDelivery0_8_2Tests.sqf;ServoPeregrino_Organizador_Items/functions/tests/fn_runDelivery0_8_3Tests.sqf;ServoPeregrino_Organizador_Items/functions/tests/fn_runDelivery0_9Tests.sqf;ServoPeregrino_Organizador_Items/functions/tests/fn_runDelivery0_9_1Tests.sqf;ServoPeregrino_Organizador_Items/functions/tests/fn_runDelivery0_9_2Tests.sqf;ServoPeregrino_Organizador_Items/functions/tests/fn_runDelivery0_9_3Tests.sqf
ITEMS_DRAFT_DISCARD_NOOP,ServoPeregrino_Organizador_Items/functions/draft/fn_discardDraft.sqf
ITEMS_DRAFT_DISCARD_SOURCE_MISSING,ServoPeregrino_Organizador_Items/functions/draft/fn_discardDraft.sqf
ITEMS_DRAFT_EDIT_DISCARDED,ServoPeregrino_Organizador_Items/functions/draft/fn_discardDraft.sqf
ITEMS_DRAFT_EDIT_LOADED,ServoPeregrino_Organizador_Items/functions/draft/fn_loadDraftFromKit.sqf
ITEMS_DRAFT_EMPTY,ServoPeregrino_Organizador_Items/functions/application/fn_getDraftApplicationSource.sqf;ServoPeregrino_Organizador_Items/functions/draft/fn_getDraftState.sqf
ITEMS_DRAFT_ENTRIES_CLEARED,ServoPeregrino_Organizador_Items/functions/draft/fn_clearDraftEntries.sqf;ServoPeregrino_Organizador_Items/functions/tests/fn_runDelivery0_11CheckpointATests.sqf
ITEMS_DRAFT_ENTRIES_MERGED,ServoPeregrino_Organizador_Items/functions/draft/fn_mergeEntriesIntoDraft.sqf
ITEMS_DRAFT_ENTRY_ADDED,ServoPeregrino_Organizador_Items/functions/draft/fn_addEntryToDraft.sqf
ITEMS_DRAFT_ENTRY_NOT_FOUND,ServoPeregrino_Organizador_Items/functions/draft/fn_decrementDraftEntry.sqf;ServoPeregrino_Organizador_Items/functions/draft/fn_incrementDraftEntry.sqf;ServoPeregrino_Organizador_Items/functions/draft/fn_removeDraftEntry.sqf;ServoPeregrino_Organizador_Items/functions/draft/fn_setDraftEntryQuantity.sqf
ITEMS_DRAFT_ENTRY_REMOVED,ServoPeregrino_Organizador_Items/functions/draft/fn_removeDraftEntry.sqf;ServoPeregrino_Organizador_Items/functions/tests/fn_runDelivery0_11CheckpointB1Tests.sqf;ServoPeregrino_Organizador_Items/functions/ui/fn_commitDraftQuantityFromControl.sqf
ITEMS_DRAFT_EXACT_INCREMENT_AS_DEFAULT_FULL,ServoPeregrino_Organizador_Items/functions/draft/fn_incrementDraftEntry.sqf;ServoPeregrino_Organizador_Items/functions/tests/fn_runDelivery0_6Tests.sqf;ServoPeregrino_Organizador_Items/functions/tests/fn_runDelivery0_6_1Tests.sqf;ServoPeregrino_Organizador_Items/functions/tests/fn_runDelivery0_7Tests.sqf;ServoPeregrino_Organizador_Items/functions/tests/fn_runDelivery0_7_1Tests.sqf;ServoPeregrino_Organizador_Items/functions/tests/fn_runDelivery0_7_2Tests.sqf;ServoPeregrino_Organizador_Items/functions/tests/fn_runDelivery0_8Tests.sqf;ServoPeregrino_Organizador_Items/functions/tests/fn_runDelivery0_8_1Tests.sqf;ServoPeregrino_Organizador_Items/functions/tests/fn_runDelivery0_8_2Tests.sqf;ServoPeregrino_Organizador_Items/functions/tests/fn_runDelivery0_8_3Tests.sqf;ServoPeregrino_Organizador_Items/functions/tests/fn_runDelivery0_9Tests.sqf;ServoPeregrino_Organizador_Items/functions/tests/fn_runDelivery0_9_1Tests.sqf;ServoPeregrino_Organizador_Items/functions/tests/fn_runDelivery0_9_2Tests.sqf;ServoPeregrino_Organizador_Items/functions/tests/fn_runDelivery0_9_3Tests.sqf
ITEMS_DRAFT_EXACT_QUANTITY_GROW_FORBIDDEN,ServoPeregrino_Organizador_Items/functions/draft/fn_setDraftEntryQuantity.sqf;ServoPeregrino_Organizador_Items/functions/tests/fn_runDelivery0_6Tests.sqf;ServoPeregrino_Organizador_Items/functions/tests/fn_runDelivery0_6_1Tests.sqf;ServoPeregrino_Organizador_Items/functions/tests/fn_runDelivery0_7Tests.sqf;ServoPeregrino_Organizador_Items/functions/tests/fn_runDelivery0_7_1Tests.sqf;ServoPeregrino_Organizador_Items/functions/tests/fn_runDelivery0_7_2Tests.sqf;ServoPeregrino_Organizador_Items/functions/tests/fn_runDelivery0_8Tests.sqf;ServoPeregrino_Organizador_Items/functions/tests/fn_runDelivery0_8_1Tests.sqf;ServoPeregrino_Organizador_Items/functions/tests/fn_runDelivery0_8_2Tests.sqf;ServoPeregrino_Organizador_Items/functions/tests/fn_runDelivery0_8_3Tests.sqf;ServoPeregrino_Organizador_Items/functions/tests/fn_runDelivery0_9Tests.sqf;ServoPeregrino_Organizador_Items/functions/tests/fn_runDelivery0_9_1Tests.sqf;ServoPeregrino_Organizador_Items/functions/tests/fn_runDelivery0_9_2Tests.sqf;ServoPeregrino_Organizador_Items/functions/tests/fn_runDelivery0_9_3Tests.sqf
ITEMS_DRAFT_KIT_MERGED,ServoPeregrino_Organizador_Items/functions/draft/fn_mergeKitIntoDraft.sqf
ITEMS_DRAFT_MODE_INVALID,ServoPeregrino_Organizador_Items/functions/draft/fn_discardDraft.sqf;ServoPeregrino_Organizador_Items/functions/draft/fn_saveDraft.sqf
ITEMS_DRAFT_NAME_CHANGED,ServoPeregrino_Organizador_Items/functions/draft/fn_setDraftName.sqf
ITEMS_DRAFT_NAME_UNCHANGED,ServoPeregrino_Organizador_Items/functions/draft/fn_setDraftName.sqf
ITEMS_DRAFT_NEW_CREATED,ServoPeregrino_Organizador_Items/functions/draft/fn_createNewDraft.sqf
ITEMS_DRAFT_NEW_DISCARDED,ServoPeregrino_Organizador_Items/functions/draft/fn_discardDraft.sqf;ServoPeregrino_Organizador_Items/functions/tests/fn_runDelivery0_6Tests.sqf;ServoPeregrino_Organizador_Items/functions/tests/fn_runDelivery0_6_1Tests.sqf;ServoPeregrino_Organizador_Items/functions/tests/fn_runDelivery0_7Tests.sqf;ServoPeregrino_Organizador_Items/functions/tests/fn_runDelivery0_7_1Tests.sqf;ServoPeregrino_Organizador_Items/functions/tests/fn_runDelivery0_7_2Tests.sqf;ServoPeregrino_Organizador_Items/functions/tests/fn_runDelivery0_8Tests.sqf;ServoPeregrino_Organizador_Items/functions/tests/fn_runDelivery0_8_1Tests.sqf;ServoPeregrino_Organizador_Items/functions/tests/fn_runDelivery0_8_2Tests.sqf;ServoPeregrino_Organizador_Items/functions/tests/fn_runDelivery0_8_3Tests.sqf;ServoPeregrino_Organizador_Items/functions/tests/fn_runDelivery0_9Tests.sqf;ServoPeregrino_Organizador_Items/functions/tests/fn_runDelivery0_9_1Tests.sqf;ServoPeregrino_Organizador_Items/functions/tests/fn_runDelivery0_9_2Tests.sqf;ServoPeregrino_Organizador_Items/functions/tests/fn_runDelivery0_9_3Tests.sqf
ITEMS_DRAFT_NOT_OPEN,ServoPeregrino_Organizador_Items/functions/draft/fn_addEntryToDraft.sqf;ServoPeregrino_Organizador_Items/functions/draft/fn_clearDraftEntries.sqf;ServoPeregrino_Organizador_Items/functions/draft/fn_decrementDraftEntry.sqf;ServoPeregrino_Organizador_Items/functions/draft/fn_incrementDraftEntry.sqf;ServoPeregrino_Organizador_Items/functions/draft/fn_mergeEntriesIntoDraft.sqf;ServoPeregrino_Organizador_Items/functions/draft/fn_removeDraftEntry.sqf;ServoPeregrino_Organizador_Items/functions/draft/fn_saveDraft.sqf;ServoPeregrino_Organizador_Items/functions/draft/fn_saveDraftAsNew.sqf;ServoPeregrino_Organizador_Items/functions/draft/fn_setDraftEntryQuantity.sqf;ServoPeregrino_Organizador_Items/functions/draft/fn_setDraftName.sqf;ServoPeregrino_Organizador_Items/functions/draft/fn_setDraftPreferredTarget.sqf
ITEMS_DRAFT_ORIGIN_INVALID,ServoPeregrino_Organizador_Items/functions/draft/fn_createNewDraft.sqf
ITEMS_DRAFT_QUANTITY_CHANGED,ServoPeregrino_Organizador_Items/functions/draft/fn_setDraftEntryQuantity.sqf;ServoPeregrino_Organizador_Items/functions/ui/fn_commitDraftQuantityFromControl.sqf
ITEMS_DRAFT_QUANTITY_INVALID,ServoPeregrino_Organizador_Items/functions/draft/fn_addCatalogItemToDraft.sqf;ServoPeregrino_Organizador_Items/functions/draft/fn_setDraftEntryQuantity.sqf
ITEMS_DRAFT_QUANTITY_UNCHANGED,ServoPeregrino_Organizador_Items/functions/draft/fn_setDraftEntryQuantity.sqf
ITEMS_DRAFT_READY,ServoPeregrino_Organizador_Items/functions/draft/fn_getDraftState.sqf
ITEMS_DRAFT_SAVED_AS_NEW,ServoPeregrino_Organizador_Items/functions/draft/fn_saveDraftAsNew.sqf
ITEMS_DRAFT_SAVED_EDIT,ServoPeregrino_Organizador_Items/functions/draft/fn_saveDraft.sqf;ServoPeregrino_Organizador_Items/functions/tests/fn_runDelivery0_6Tests.sqf;ServoPeregrino_Organizador_Items/functions/tests/fn_runDelivery0_6_1Tests.sqf;ServoPeregrino_Organizador_Items/functions/tests/fn_runDelivery0_7Tests.sqf;ServoPeregrino_Organizador_Items/functions/tests/fn_runDelivery0_7_1Tests.sqf;ServoPeregrino_Organizador_Items/functions/tests/fn_runDelivery0_7_2Tests.sqf;ServoPeregrino_Organizador_Items/functions/tests/fn_runDelivery0_8Tests.sqf;ServoPeregrino_Organizador_Items/functions/tests/fn_runDelivery0_8_1Tests.sqf;ServoPeregrino_Organizador_Items/functions/tests/fn_runDelivery0_8_2Tests.sqf;ServoPeregrino_Organizador_Items/functions/tests/fn_runDelivery0_8_3Tests.sqf;ServoPeregrino_Organizador_Items/functions/tests/fn_runDelivery0_9Tests.sqf;ServoPeregrino_Organizador_Items/functions/tests/fn_runDelivery0_9_1Tests.sqf;ServoPeregrino_Organizador_Items/functions/tests/fn_runDelivery0_9_2Tests.sqf;ServoPeregrino_Organizador_Items/functions/tests/fn_runDelivery0_9_3Tests.sqf
ITEMS_DRAFT_SAVED_NEW,ServoPeregrino_Organizador_Items/functions/draft/fn_saveDraft.sqf
ITEMS_DRAFT_SAVE_NO_CHANGES,ServoPeregrino_Organizador_Items/functions/draft/fn_saveDraft.sqf
ITEMS_DRAFT_STALE,ServoPeregrino_Organizador_Items/functions/draft/fn_saveDraft.sqf;ServoPeregrino_Organizador_Items/functions/tests/fn_runDelivery0_6Tests.sqf;ServoPeregrino_Organizador_Items/functions/tests/fn_runDelivery0_6_1Tests.sqf;ServoPeregrino_Organizador_Items/functions/tests/fn_runDelivery0_7Tests.sqf;ServoPeregrino_Organizador_Items/functions/tests/fn_runDelivery0_7_1Tests.sqf;ServoPeregrino_Organizador_Items/functions/tests/fn_runDelivery0_7_2Tests.sqf;ServoPeregrino_Organizador_Items/functions/tests/fn_runDelivery0_8Tests.sqf;ServoPeregrino_Organizador_Items/functions/tests/fn_runDelivery0_8_1Tests.sqf;ServoPeregrino_Organizador_Items/functions/tests/fn_runDelivery0_8_2Tests.sqf;ServoPeregrino_Organizador_Items/functions/tests/fn_runDelivery0_8_3Tests.sqf;ServoPeregrino_Organizador_Items/functions/tests/fn_runDelivery0_9Tests.sqf;ServoPeregrino_Organizador_Items/functions/tests/fn_runDelivery0_9_1Tests.sqf;ServoPeregrino_Organizador_Items/functions/tests/fn_runDelivery0_9_2Tests.sqf;ServoPeregrino_Organizador_Items/functions/tests/fn_runDelivery0_9_3Tests.sqf
ITEMS_DRAFT_TARGET_CHANGED,ServoPeregrino_Organizador_Items/functions/draft/fn_setDraftPreferredTarget.sqf
ITEMS_DRAFT_TARGET_INVALID,ServoPeregrino_Organizador_Items/functions/draft/fn_createNewDraft.sqf;ServoPeregrino_Organizador_Items/functions/draft/fn_setDraftPreferredTarget.sqf
ITEMS_DRAFT_TARGET_UNCHANGED,ServoPeregrino_Organizador_Items/functions/draft/fn_setDraftPreferredTarget.sqf
ITEMS_ENTRIES_NORMALIZED,ServoPeregrino_Organizador_Items/functions/domain/fn_normalizeItemEntries.sqf
ITEMS_ENTRY_CREATED,ServoPeregrino_Organizador_Items/functions/domain/fn_createItemEntry.sqf
ITEMS_ENTRY_INVALID,ServoPeregrino_Organizador_Items/functions/application/fn_mutateContainerEntry.sqf;ServoPeregrino_Organizador_Items/functions/domain/fn_normalizeItemEntries.sqf;ServoPeregrino_Organizador_Items/functions/domain/fn_validateItemEntrySemantic.sqf;ServoPeregrino_Organizador_Items/functions/domain/fn_validateItemEntryStructural.sqf;ServoPeregrino_Organizador_Items/functions/domain/fn_validateItemKitSemantic.sqf
ITEMS_ENTRY_SEMANTIC_VALID,ServoPeregrino_Organizador_Items/functions/domain/fn_validateItemEntrySemantic.sqf
ITEMS_ENTRY_STRUCTURAL_VALID,ServoPeregrino_Organizador_Items/functions/domain/fn_validateItemEntryStructural.sqf
ITEMS_INITIALIZED,ServoPeregrino_Organizador_Items/functions/lifecycle/fn_initialize.sqf;ServoPeregrino_Organizador_Items/functions/tests/fn_runDelivery0_1Tests.sqf;ServoPeregrino_Organizador_Items/functions/tests/fn_runDelivery0_2Tests.sqf;ServoPeregrino_Organizador_Items/functions/tests/fn_runDelivery0_3Tests.sqf;ServoPeregrino_Organizador_Items/functions/tests/fn_runDelivery0_4Tests.sqf;ServoPeregrino_Organizador_Items/functions/tests/fn_runDelivery0_4_1Tests.sqf;ServoPeregrino_Organizador_Items/functions/tests/fn_runDelivery0_4_2Tests.sqf;ServoPeregrino_Organizador_Items/functions/tests/fn_runDelivery0_4_3Tests.sqf;ServoPeregrino_Organizador_Items/functions/tests/fn_runDelivery0_5Tests.sqf;ServoPeregrino_Organizador_Items/functions/tests/fn_runDelivery0_5_1Tests.sqf;ServoPeregrino_Organizador_Items/functions/tests/fn_runDelivery0_6Tests.sqf;ServoPeregrino_Organizador_Items/functions/tests/fn_runDelivery0_6_1Tests.sqf;ServoPeregrino_Organizador_Items/functions/tests/fn_runDelivery0_7Tests.sqf;ServoPeregrino_Organizador_Items/functions/tests/fn_runDelivery0_7_1Tests.sqf;ServoPeregrino_Organizador_Items/functions/tests/fn_runDelivery0_7_2Tests.sqf;ServoPeregrino_Organizador_Items/functions/tests/fn_runDelivery0_8Tests.sqf;ServoPeregrino_Organizador_Items/functions/tests/fn_runDelivery0_8_1Tests.sqf;ServoPeregrino_Organizador_Items/functions/tests/fn_runDelivery0_8_2Tests.sqf;ServoPeregrino_Organizador_Items/functions/tests/fn_runDelivery0_8_3Tests.sqf;ServoPeregrino_Organizador_Items/functions/tests/fn_runDelivery0_9Tests.sqf;ServoPeregrino_Organizador_Items/functions/tests/fn_runDelivery0_9_1Tests.sqf;ServoPeregrino_Organizador_Items/functions/tests/fn_runDelivery0_9_2Tests.sqf;ServoPeregrino_Organizador_Items/functions/tests/fn_runDelivery0_9_3Tests.sqf
ITEMS_INTERNAL_MUTATION_RESULT_INVALID,ServoPeregrino_Organizador_Items/functions/application/fn_executeApplicationPlan.sqf
ITEMS_INTERNAL_RESTORE_RESULT_INVALID,ServoPeregrino_Organizador_Items/functions/application/fn_rollbackApplication.sqf
ITEMS_INTERNAL_ROLLBACK_RESULT_INVALID,ServoPeregrino_Organizador_Items/functions/application/fn_executeApplicationPlan.sqf
ITEMS_KITS_LISTED,ServoPeregrino_Organizador_Items/functions/storage/fn_listKits.sqf
ITEMS_KIT_CLONED,ServoPeregrino_Organizador_Items/functions/domain/fn_cloneItemKit.sqf
ITEMS_KIT_CREATED,ServoPeregrino_Organizador_Items/functions/domain/fn_createItemKit.sqf
ITEMS_KIT_DELETED_DRAFT_DETACH_FAILED,ServoPeregrino_Organizador_Items/functions/draft/fn_deleteKitPreservingDraft.sqf
ITEMS_KIT_DELETED_DRAFT_PRESERVED,ServoPeregrino_Organizador_Items/functions/draft/fn_deleteKitPreservingDraft.sqf;ServoPeregrino_Organizador_Items/functions/tests/fn_runDelivery0_9_1Tests.sqf;ServoPeregrino_Organizador_Items/functions/tests/fn_runDelivery0_9_2Tests.sqf;ServoPeregrino_Organizador_Items/functions/tests/fn_runDelivery0_9_3Tests.sqf
ITEMS_KIT_ENVIRONMENTAL_VALID,ServoPeregrino_Organizador_Items/functions/domain/fn_validateItemKitEnvironmental.sqf
ITEMS_KIT_FOUND,ServoPeregrino_Organizador_Items/functions/storage/fn_getKit.sqf
ITEMS_KIT_ID_INVALID,ServoPeregrino_Organizador_Items/functions/domain/fn_validateItemKitSemantic.sqf;ServoPeregrino_Organizador_Items/functions/draft/fn_deleteKitPreservingDraft.sqf;ServoPeregrino_Organizador_Items/functions/storage/fn_deleteKit.sqf;ServoPeregrino_Organizador_Items/functions/storage/fn_getKit.sqf;ServoPeregrino_Organizador_Items/functions/tests/fn_runDelivery0_3Tests.sqf;ServoPeregrino_Organizador_Items/functions/tests/fn_runDelivery0_4Tests.sqf;ServoPeregrino_Organizador_Items/functions/tests/fn_runDelivery0_4_1Tests.sqf;ServoPeregrino_Organizador_Items/functions/tests/fn_runDelivery0_4_2Tests.sqf;ServoPeregrino_Organizador_Items/functions/tests/fn_runDelivery0_4_3Tests.sqf;ServoPeregrino_Organizador_Items/functions/tests/fn_runDelivery0_5Tests.sqf;ServoPeregrino_Organizador_Items/functions/tests/fn_runDelivery0_5_1Tests.sqf;ServoPeregrino_Organizador_Items/functions/tests/fn_runDelivery0_6Tests.sqf;ServoPeregrino_Organizador_Items/functions/tests/fn_runDelivery0_6_1Tests.sqf;ServoPeregrino_Organizador_Items/functions/tests/fn_runDelivery0_7Tests.sqf;ServoPeregrino_Organizador_Items/functions/tests/fn_runDelivery0_7_1Tests.sqf;ServoPeregrino_Organizador_Items/functions/tests/fn_runDelivery0_7_2Tests.sqf;ServoPeregrino_Organizador_Items/functions/tests/fn_runDelivery0_8Tests.sqf;ServoPeregrino_Organizador_Items/functions/tests/fn_runDelivery0_8_1Tests.sqf;ServoPeregrino_Organizador_Items/functions/tests/fn_runDelivery0_8_2Tests.sqf;ServoPeregrino_Organizador_Items/functions/tests/fn_runDelivery0_8_3Tests.sqf;ServoPeregrino_Organizador_Items/functions/tests/fn_runDelivery0_9Tests.sqf;ServoPeregrino_Organizador_Items/functions/tests/fn_runDelivery0_9_1Tests.sqf;ServoPeregrino_Organizador_Items/functions/tests/fn_runDelivery0_9_2Tests.sqf;ServoPeregrino_Organizador_Items/functions/tests/fn_runDelivery0_9_3Tests.sqf
ITEMS_KIT_NAME_INVALID,ServoPeregrino_Organizador_Items/functions/domain/fn_validateItemKitSemantic.sqf
ITEMS_KIT_NOT_FOUND,ServoPeregrino_Organizador_Items/functions/storage/fn_deleteKit.sqf;ServoPeregrino_Organizador_Items/functions/storage/fn_getKit.sqf;ServoPeregrino_Organizador_Items/functions/tests/fn_runDelivery0_3Tests.sqf;ServoPeregrino_Organizador_Items/functions/tests/fn_runDelivery0_4Tests.sqf;ServoPeregrino_Organizador_Items/functions/tests/fn_runDelivery0_4_1Tests.sqf;ServoPeregrino_Organizador_Items/functions/tests/fn_runDelivery0_4_2Tests.sqf;ServoPeregrino_Organizador_Items/functions/tests/fn_runDelivery0_4_3Tests.sqf;ServoPeregrino_Organizador_Items/functions/tests/fn_runDelivery0_5Tests.sqf;ServoPeregrino_Organizador_Items/functions/tests/fn_runDelivery0_5_1Tests.sqf;ServoPeregrino_Organizador_Items/functions/tests/fn_runDelivery0_6Tests.sqf;ServoPeregrino_Organizador_Items/functions/tests/fn_runDelivery0_6_1Tests.sqf;ServoPeregrino_Organizador_Items/functions/tests/fn_runDelivery0_7Tests.sqf;ServoPeregrino_Organizador_Items/functions/tests/fn_runDelivery0_7_1Tests.sqf;ServoPeregrino_Organizador_Items/functions/tests/fn_runDelivery0_7_2Tests.sqf;ServoPeregrino_Organizador_Items/functions/tests/fn_runDelivery0_8Tests.sqf;ServoPeregrino_Organizador_Items/functions/tests/fn_runDelivery0_8_1Tests.sqf;ServoPeregrino_Organizador_Items/functions/tests/fn_runDelivery0_8_2Tests.sqf;ServoPeregrino_Organizador_Items/functions/tests/fn_runDelivery0_8_3Tests.sqf;ServoPeregrino_Organizador_Items/functions/tests/fn_runDelivery0_9Tests.sqf;ServoPeregrino_Organizador_Items/functions/tests/fn_runDelivery0_9_1Tests.sqf;ServoPeregrino_Organizador_Items/functions/tests/fn_runDelivery0_9_2Tests.sqf;ServoPeregrino_Organizador_Items/functions/tests/fn_runDelivery0_9_3Tests.sqf
ITEMS_KIT_PAYLOAD_EMPTY,ServoPeregrino_Organizador_Items/functions/domain/fn_createItemKit.sqf;ServoPeregrino_Organizador_Items/functions/domain/fn_validateItemKitSemantic.sqf;ServoPeregrino_Organizador_Items/functions/tests/fn_runDelivery0_2Tests.sqf;ServoPeregrino_Organizador_Items/functions/tests/fn_runDelivery0_3Tests.sqf;ServoPeregrino_Organizador_Items/functions/tests/fn_runDelivery0_4Tests.sqf;ServoPeregrino_Organizador_Items/functions/tests/fn_runDelivery0_4_1Tests.sqf;ServoPeregrino_Organizador_Items/functions/tests/fn_runDelivery0_4_2Tests.sqf;ServoPeregrino_Organizador_Items/functions/tests/fn_runDelivery0_4_3Tests.sqf;ServoPeregrino_Organizador_Items/functions/tests/fn_runDelivery0_5Tests.sqf;ServoPeregrino_Organizador_Items/functions/tests/fn_runDelivery0_5_1Tests.sqf;ServoPeregrino_Organizador_Items/functions/tests/fn_runDelivery0_6Tests.sqf;ServoPeregrino_Organizador_Items/functions/tests/fn_runDelivery0_6_1Tests.sqf;ServoPeregrino_Organizador_Items/functions/tests/fn_runDelivery0_7Tests.sqf;ServoPeregrino_Organizador_Items/functions/tests/fn_runDelivery0_7_1Tests.sqf;ServoPeregrino_Organizador_Items/functions/tests/fn_runDelivery0_7_2Tests.sqf;ServoPeregrino_Organizador_Items/functions/tests/fn_runDelivery0_8Tests.sqf;ServoPeregrino_Organizador_Items/functions/tests/fn_runDelivery0_8_1Tests.sqf;ServoPeregrino_Organizador_Items/functions/tests/fn_runDelivery0_8_2Tests.sqf;ServoPeregrino_Organizador_Items/functions/tests/fn_runDelivery0_8_3Tests.sqf;ServoPeregrino_Organizador_Items/functions/tests/fn_runDelivery0_9Tests.sqf;ServoPeregrino_Organizador_Items/functions/tests/fn_runDelivery0_9_1Tests.sqf;ServoPeregrino_Organizador_Items/functions/tests/fn_runDelivery0_9_2Tests.sqf;ServoPeregrino_Organizador_Items/functions/tests/fn_runDelivery0_9_3Tests.sqf
ITEMS_KIT_PERSISTED_CLONED,ServoPeregrino_Organizador_Items/functions/storage/fn_cloneKit.sqf
ITEMS_KIT_PERSISTED_CREATED,ServoPeregrino_Organizador_Items/functions/storage/fn_saveKit.sqf;ServoPeregrino_Organizador_Items/functions/tests/fn_runDelivery0_3Tests.sqf;ServoPeregrino_Organizador_Items/functions/tests/fn_runDelivery0_4Tests.sqf;ServoPeregrino_Organizador_Items/functions/tests/fn_runDelivery0_4_1Tests.sqf;ServoPeregrino_Organizador_Items/functions/tests/fn_runDelivery0_4_2Tests.sqf;ServoPeregrino_Organizador_Items/functions/tests/fn_runDelivery0_4_3Tests.sqf;ServoPeregrino_Organizador_Items/functions/tests/fn_runDelivery0_5Tests.sqf;ServoPeregrino_Organizador_Items/functions/tests/fn_runDelivery0_5_1Tests.sqf;ServoPeregrino_Organizador_Items/functions/tests/fn_runDelivery0_6Tests.sqf;ServoPeregrino_Organizador_Items/functions/tests/fn_runDelivery0_6_1Tests.sqf;ServoPeregrino_Organizador_Items/functions/tests/fn_runDelivery0_7Tests.sqf;ServoPeregrino_Organizador_Items/functions/tests/fn_runDelivery0_7_1Tests.sqf;ServoPeregrino_Organizador_Items/functions/tests/fn_runDelivery0_7_2Tests.sqf;ServoPeregrino_Organizador_Items/functions/tests/fn_runDelivery0_8Tests.sqf;ServoPeregrino_Organizador_Items/functions/tests/fn_runDelivery0_8_1Tests.sqf;ServoPeregrino_Organizador_Items/functions/tests/fn_runDelivery0_8_2Tests.sqf;ServoPeregrino_Organizador_Items/functions/tests/fn_runDelivery0_8_3Tests.sqf;ServoPeregrino_Organizador_Items/functions/tests/fn_runDelivery0_9Tests.sqf;ServoPeregrino_Organizador_Items/functions/tests/fn_runDelivery0_9_1Tests.sqf;ServoPeregrino_Organizador_Items/functions/tests/fn_runDelivery0_9_2Tests.sqf;ServoPeregrino_Organizador_Items/functions/tests/fn_runDelivery0_9_3Tests.sqf
ITEMS_KIT_PERSISTED_DELETED,ServoPeregrino_Organizador_Items/functions/draft/fn_deleteKitPreservingDraft.sqf;ServoPeregrino_Organizador_Items/functions/storage/fn_deleteKit.sqf
ITEMS_KIT_PERSISTED_UPDATED,ServoPeregrino_Organizador_Items/functions/storage/fn_saveKit.sqf;ServoPeregrino_Organizador_Items/functions/tests/fn_runDelivery0_3Tests.sqf;ServoPeregrino_Organizador_Items/functions/tests/fn_runDelivery0_4Tests.sqf;ServoPeregrino_Organizador_Items/functions/tests/fn_runDelivery0_4_1Tests.sqf;ServoPeregrino_Organizador_Items/functions/tests/fn_runDelivery0_4_2Tests.sqf;ServoPeregrino_Organizador_Items/functions/tests/fn_runDelivery0_4_3Tests.sqf;ServoPeregrino_Organizador_Items/functions/tests/fn_runDelivery0_5Tests.sqf;ServoPeregrino_Organizador_Items/functions/tests/fn_runDelivery0_5_1Tests.sqf;ServoPeregrino_Organizador_Items/functions/tests/fn_runDelivery0_6Tests.sqf;ServoPeregrino_Organizador_Items/functions/tests/fn_runDelivery0_6_1Tests.sqf;ServoPeregrino_Organizador_Items/functions/tests/fn_runDelivery0_7Tests.sqf;ServoPeregrino_Organizador_Items/functions/tests/fn_runDelivery0_7_1Tests.sqf;ServoPeregrino_Organizador_Items/functions/tests/fn_runDelivery0_7_2Tests.sqf;ServoPeregrino_Organizador_Items/functions/tests/fn_runDelivery0_8Tests.sqf;ServoPeregrino_Organizador_Items/functions/tests/fn_runDelivery0_8_1Tests.sqf;ServoPeregrino_Organizador_Items/functions/tests/fn_runDelivery0_8_2Tests.sqf;ServoPeregrino_Organizador_Items/functions/tests/fn_runDelivery0_8_3Tests.sqf;ServoPeregrino_Organizador_Items/functions/tests/fn_runDelivery0_9Tests.sqf;ServoPeregrino_Organizador_Items/functions/tests/fn_runDelivery0_9_1Tests.sqf;ServoPeregrino_Organizador_Items/functions/tests/fn_runDelivery0_9_2Tests.sqf;ServoPeregrino_Organizador_Items/functions/tests/fn_runDelivery0_9_3Tests.sqf
ITEMS_KIT_RENAMED,ServoPeregrino_Organizador_Items/functions/domain/fn_renameItemKit.sqf
ITEMS_KIT_SAVE_REJECTED,ServoPeregrino_Organizador_Items/functions/storage/fn_saveKit.sqf
ITEMS_KIT_SEMANTIC_INVALID,ServoPeregrino_Organizador_Items/functions/domain/fn_validateItemKitSemantic.sqf
ITEMS_KIT_SEMANTIC_VALID,ServoPeregrino_Organizador_Items/functions/domain/fn_validateItemKitSemantic.sqf
ITEMS_KIT_STRUCTURAL_INVALID,ServoPeregrino_Organizador_Items/functions/domain/fn_validateItemKitStructural.sqf
ITEMS_KIT_STRUCTURAL_VALID,ServoPeregrino_Organizador_Items/functions/domain/fn_validateItemKitStructural.sqf
ITEMS_LEGACY_CALL_DID_NOT_RETURN,ServoPeregrino_Organizador_Items/functions/tests/fn_runDelivery0_10CheckpointBTests.sqf
ITEMS_LEGACY_TEST_SUITE_ALREADY_RUNNING,ServoPeregrino_Organizador_Items/functions/tests/fn_runDelivery0_10CheckpointATests.sqf;ServoPeregrino_Organizador_Items/functions/tests/fn_runDelivery0_10CheckpointBTests.sqf;ServoPeregrino_Organizador_Items/functions/tests/fn_runDelivery0_10CheckpointCTests.sqf;ServoPeregrino_Organizador_Items/functions/tests/fn_runDelivery0_10CheckpointDTests.sqf;ServoPeregrino_Organizador_Items/functions/tests/fn_runDelivery0_10_0_7HotfixTests.sqf;ServoPeregrino_Organizador_Items/functions/tests/fn_runDelivery0_11CheckpointATests.sqf;ServoPeregrino_Organizador_Items/functions/tests/fn_runDelivery0_11CheckpointB1Tests.sqf;ServoPeregrino_Organizador_Items/functions/tests/fn_runDelivery0_11CheckpointB2Tests.sqf;ServoPeregrino_Organizador_Items/functions/tests/fn_runDelivery0_11CheckpointB3Tests.sqf;ServoPeregrino_Organizador_Items/functions/tests/fn_runDelivery0_11CheckpointB4Tests.sqf;ServoPeregrino_Organizador_Items/functions/tests/fn_runDelivery0_11CheckpointB5Tests.sqf;ServoPeregrino_Organizador_Items/functions/tests/fn_runDelivery0_11CheckpointB61Tests.sqf;ServoPeregrino_Organizador_Items/functions/tests/fn_runDelivery0_11CheckpointB6Tests.sqf;ServoPeregrino_Organizador_Items/functions/tests/fn_runDelivery0_11CheckpointB7Tests.sqf;ServoPeregrino_Organizador_Items/functions/tests/fn_runDelivery0_11CheckpointBTests.sqf;ServoPeregrino_Organizador_Items/functions/tests/fn_runDelivery0_11CheckpointCTests.sqf;ServoPeregrino_Organizador_Items/functions/tests/fn_runDelivery0_11CheckpointDTests.sqf;ServoPeregrino_Organizador_Items/functions/tests/fn_runDelivery0_12CheckpointATests.sqf;ServoPeregrino_Organizador_Items/functions/tests/fn_runDelivery0_12CheckpointBTests.sqf;ServoPeregrino_Organizador_Items/functions/tests/fn_runDelivery0_12CheckpointC2Tests.sqf;ServoPeregrino_Organizador_Items/functions/tests/fn_runDelivery0_12CheckpointC3Tests.sqf;ServoPeregrino_Organizador_Items/functions/tests/fn_runDelivery0_12CheckpointC4Tests.sqf;ServoPeregrino_Organizador_Items/functions/tests/fn_runDelivery0_12CheckpointC5Tests.sqf;ServoPeregrino_Organizador_Items/functions/tests/fn_runDelivery0_12CheckpointC6Tests.sqf;ServoPeregrino_Organizador_Items/functions/tests/fn_runDelivery0_12CheckpointC7Tests.sqf;ServoPeregrino_Organizador_Items/functions/tests/fn_runDelivery0_12CheckpointC81Tests.sqf;ServoPeregrino_Organizador_Items/functions/tests/fn_runDelivery0_12CheckpointC8Tests.sqf;ServoPeregrino_Organizador_Items/functions/tests/fn_runDelivery0_12CheckpointCTests.sqf;ServoPeregrino_Organizador_Items/functions/tests/fn_runDelivery0_12CheckpointD1Tests.sqf;ServoPeregrino_Organizador_Items/functions/tests/fn_runDelivery0_12CheckpointD2Tests.sqf;ServoPeregrino_Organizador_Items/functions/tests/fn_runDelivery0_12CheckpointD3Tests.sqf;ServoPeregrino_Organizador_Items/functions/tests/fn_runDelivery0_12CheckpointD4Tests.sqf;ServoPeregrino_Organizador_Items/functions/tests/fn_runDelivery0_12CheckpointD5Tests.sqf;ServoPeregrino_Organizador_Items/functions/tests/fn_runDelivery0_12CheckpointD61Tests.sqf;ServoPeregrino_Organizador_Items/functions/tests/fn_runDelivery0_12CheckpointD62Tests.sqf;ServoPeregrino_Organizador_Items/functions/tests/fn_runDelivery0_12CheckpointD63Tests.sqf;ServoPeregrino_Organizador_Items/functions/tests/fn_runDelivery0_12CheckpointD64Tests.sqf;ServoPeregrino_Organizador_Items/functions/tests/fn_runDelivery0_12CheckpointD6Tests.sqf;ServoPeregrino_Organizador_Items/functions/tests/fn_runDelivery0_12CheckpointD70Tests.sqf;ServoPeregrino_Organizador_Items/functions/tests/fn_runDelivery0_12CheckpointD71Tests.sqf;ServoPeregrino_Organizador_Items/functions/tests/fn_runDelivery0_12CheckpointD72Tests.sqf;ServoPeregrino_Organizador_Items/functions/tests/fn_runDelivery0_12CheckpointD73Tests.sqf;ServoPeregrino_Organizador_Items/functions/tests/fn_runDelivery0_12CheckpointD74Tests.sqf;ServoPeregrino_Organizador_Items/functions/tests/fn_runDelivery0_13CheckpointATests.sqf
ITEMS_LOADOUT_FINGERPRINT_CREATED,ServoPeregrino_Organizador_Items/functions/inventory/fn_getLoadoutFingerprint.sqf
ITEMS_LOADOUT_FINGERPRINT_DIFFERENT,ServoPeregrino_Organizador_Items/functions/inventory/fn_compareLoadoutFingerprints.sqf
ITEMS_LOADOUT_FINGERPRINT_EQUAL,ServoPeregrino_Organizador_Items/functions/inventory/fn_compareLoadoutFingerprints.sqf
ITEMS_MAGAZINE_EXACT_STATE_MISSING,ServoPeregrino_Organizador_Items/functions/application/fn_mutateContainerEntry.sqf;ServoPeregrino_Organizador_Items/functions/tests/fn_runDelivery0_10_0_7HotfixTests.sqf
ITEMS_MAG_EXACT_COUNT_MISMATCH,ServoPeregrino_Organizador_Items/functions/domain/fn_validateItemEntrySemantic.sqf;ServoPeregrino_Organizador_Items/functions/tests/fn_runDelivery0_2Tests.sqf;ServoPeregrino_Organizador_Items/functions/tests/fn_runDelivery0_3Tests.sqf;ServoPeregrino_Organizador_Items/functions/tests/fn_runDelivery0_4Tests.sqf;ServoPeregrino_Organizador_Items/functions/tests/fn_runDelivery0_4_1Tests.sqf;ServoPeregrino_Organizador_Items/functions/tests/fn_runDelivery0_4_2Tests.sqf;ServoPeregrino_Organizador_Items/functions/tests/fn_runDelivery0_4_3Tests.sqf;ServoPeregrino_Organizador_Items/functions/tests/fn_runDelivery0_5Tests.sqf;ServoPeregrino_Organizador_Items/functions/tests/fn_runDelivery0_5_1Tests.sqf;ServoPeregrino_Organizador_Items/functions/tests/fn_runDelivery0_6Tests.sqf;ServoPeregrino_Organizador_Items/functions/tests/fn_runDelivery0_6_1Tests.sqf;ServoPeregrino_Organizador_Items/functions/tests/fn_runDelivery0_7Tests.sqf;ServoPeregrino_Organizador_Items/functions/tests/fn_runDelivery0_7_1Tests.sqf;ServoPeregrino_Organizador_Items/functions/tests/fn_runDelivery0_7_2Tests.sqf;ServoPeregrino_Organizador_Items/functions/tests/fn_runDelivery0_8Tests.sqf;ServoPeregrino_Organizador_Items/functions/tests/fn_runDelivery0_8_1Tests.sqf;ServoPeregrino_Organizador_Items/functions/tests/fn_runDelivery0_8_2Tests.sqf;ServoPeregrino_Organizador_Items/functions/tests/fn_runDelivery0_8_3Tests.sqf;ServoPeregrino_Organizador_Items/functions/tests/fn_runDelivery0_9Tests.sqf;ServoPeregrino_Organizador_Items/functions/tests/fn_runDelivery0_9_1Tests.sqf;ServoPeregrino_Organizador_Items/functions/tests/fn_runDelivery0_9_2Tests.sqf;ServoPeregrino_Organizador_Items/functions/tests/fn_runDelivery0_9_3Tests.sqf
ITEMS_MUTABLE_FINGERPRINT_READY,ServoPeregrino_Organizador_Items/functions/inventory/fn_getMutableContentFingerprint.sqf
ITEMS_MUTATION_FAILED,ServoPeregrino_Organizador_Items/functions/tests/fn_runDelivery0_11CheckpointBTests.sqf
ITEMS_NEXUS_CAPABILITY_LOOKUP_FAILED,ServoPeregrino_Organizador_Items/functions/integration/fn_validateNexus.sqf
ITEMS_NEXUS_COMPATIBLE,ServoPeregrino_Organizador_Items/functions/integration/fn_validateNexus.sqf
ITEMS_NEXUS_INCOMPATIBLE,ServoPeregrino_Organizador_Items/functions/integration/fn_validateNexus.sqf;ServoPeregrino_Organizador_Items/functions/tests/fn_runDelivery0_1Tests.sqf;ServoPeregrino_Organizador_Items/functions/tests/fn_runDelivery0_2Tests.sqf;ServoPeregrino_Organizador_Items/functions/tests/fn_runDelivery0_3Tests.sqf;ServoPeregrino_Organizador_Items/functions/tests/fn_runDelivery0_4Tests.sqf;ServoPeregrino_Organizador_Items/functions/tests/fn_runDelivery0_4_1Tests.sqf;ServoPeregrino_Organizador_Items/functions/tests/fn_runDelivery0_4_2Tests.sqf;ServoPeregrino_Organizador_Items/functions/tests/fn_runDelivery0_4_3Tests.sqf;ServoPeregrino_Organizador_Items/functions/tests/fn_runDelivery0_5Tests.sqf;ServoPeregrino_Organizador_Items/functions/tests/fn_runDelivery0_5_1Tests.sqf;ServoPeregrino_Organizador_Items/functions/tests/fn_runDelivery0_6Tests.sqf;ServoPeregrino_Organizador_Items/functions/tests/fn_runDelivery0_6_1Tests.sqf;ServoPeregrino_Organizador_Items/functions/tests/fn_runDelivery0_7Tests.sqf;ServoPeregrino_Organizador_Items/functions/tests/fn_runDelivery0_7_1Tests.sqf;ServoPeregrino_Organizador_Items/functions/tests/fn_runDelivery0_7_2Tests.sqf;ServoPeregrino_Organizador_Items/functions/tests/fn_runDelivery0_8Tests.sqf;ServoPeregrino_Organizador_Items/functions/tests/fn_runDelivery0_8_1Tests.sqf;ServoPeregrino_Organizador_Items/functions/tests/fn_runDelivery0_8_2Tests.sqf;ServoPeregrino_Organizador_Items/functions/tests/fn_runDelivery0_8_3Tests.sqf;ServoPeregrino_Organizador_Items/functions/tests/fn_runDelivery0_9Tests.sqf;ServoPeregrino_Organizador_Items/functions/tests/fn_runDelivery0_9_1Tests.sqf;ServoPeregrino_Organizador_Items/functions/tests/fn_runDelivery0_9_2Tests.sqf;ServoPeregrino_Organizador_Items/functions/tests/fn_runDelivery0_9_3Tests.sqf
ITEMS_NEXUS_INITIALIZATION_FAILED,ServoPeregrino_Organizador_Items/functions/integration/fn_validateNexus.sqf
ITEMS_NEXUS_PROVIDER_INVALID,ServoPeregrino_Organizador_Items/functions/integration/fn_validateNexus.sqf
ITEMS_NEXUS_REQUIRED,ServoPeregrino_Organizador_Items/functions/integration/fn_validateNexus.sqf
ITEMS_NEXUS_VERSION_INVALID,ServoPeregrino_Organizador_Items/functions/integration/fn_validateNexus.sqf
ITEMS_NOT_INITIALIZED,ServoPeregrino_Organizador_Items/functions/runtime/fn_getRuntimeStatus.sqf
ITEMS_OPERATION_DEFERRED_0_10,ServoPeregrino_Organizador_Items/functions/application/fn_createApplicationPlan.sqf;ServoPeregrino_Organizador_Items/functions/tests/fn_runDelivery0_9Tests.sqf;ServoPeregrino_Organizador_Items/functions/tests/fn_runDelivery0_9_1Tests.sqf;ServoPeregrino_Organizador_Items/functions/tests/fn_runDelivery0_9_2Tests.sqf;ServoPeregrino_Organizador_Items/functions/tests/fn_runDelivery0_9_3Tests.sqf
ITEMS_PLAN_FAILED,ServoPeregrino_Organizador_Items/functions/application/fn_createApplicationPlan.sqf;ServoPeregrino_Organizador_Items/functions/application/fn_createReplaceApplicationPlan.sqf;ServoPeregrino_Organizador_Items/functions/application/fn_validateApplicationPlan.sqf;ServoPeregrino_Organizador_Items/functions/tests/fn_runDelivery0_9Tests.sqf;ServoPeregrino_Organizador_Items/functions/tests/fn_runDelivery0_9_1Tests.sqf;ServoPeregrino_Organizador_Items/functions/tests/fn_runDelivery0_9_2Tests.sqf;ServoPeregrino_Organizador_Items/functions/tests/fn_runDelivery0_9_3Tests.sqf
ITEMS_PLAN_SIMULATION_FAILED,ServoPeregrino_Organizador_Items/functions/application/fn_simulateApplicationEntries.sqf
ITEMS_PLAN_SIMULATION_READY,ServoPeregrino_Organizador_Items/functions/application/fn_simulateApplicationEntries.sqf
ITEMS_PLAN_STALE,ServoPeregrino_Organizador_Items/functions/application/fn_executeApplicationPlan.sqf;ServoPeregrino_Organizador_Items/functions/tests/fn_runDelivery0_10CheckpointBTests.sqf;ServoPeregrino_Organizador_Items/functions/tests/fn_runDelivery0_9Tests.sqf;ServoPeregrino_Organizador_Items/functions/tests/fn_runDelivery0_9_1Tests.sqf;ServoPeregrino_Organizador_Items/functions/tests/fn_runDelivery0_9_2Tests.sqf;ServoPeregrino_Organizador_Items/functions/tests/fn_runDelivery0_9_3Tests.sqf
ITEMS_POST_VALIDATE_CAPTURE_FAILED,ServoPeregrino_Organizador_Items/functions/application/fn_executeApplicationPlan.sqf
ITEMS_PUBLIC_AUTHORITY_CLIENT_PENDING,ServoPeregrino_Organizador_Items/functions/lifecycle/fn_initialize.sqf
ITEMS_PUBLIC_AUTHORITY_OBSERVER,ServoPeregrino_Organizador_Items/functions/library/fn_initializePublicLibraryAuthority.sqf
ITEMS_PUBLIC_AUTHORITY_READY,ServoPeregrino_Organizador_Items/functions/library/fn_initializePublicLibraryAuthority.sqf
ITEMS_PUBLIC_AUTHOR_INVALID,ServoPeregrino_Organizador_Items/functions/library/fn_commitPublicKitSnapshotServer.sqf
ITEMS_PUBLIC_CALLER_NOT_PLAYER,ServoPeregrino_Organizador_Items/functions/library/fn_serverHandlePublicLibraryRequest.sqf
ITEMS_PUBLIC_ID_INVALID,ServoPeregrino_Organizador_Items/functions/library/fn_getPublicKit.sqf
ITEMS_PUBLIC_KITS_LISTED,ServoPeregrino_Organizador_Items/functions/library/fn_listPublicKits.sqf
ITEMS_PUBLIC_KIT_FOUND,ServoPeregrino_Organizador_Items/functions/library/fn_getPublicKit.sqf
ITEMS_PUBLIC_KIT_INVALID,ServoPeregrino_Organizador_Items/functions/library/fn_commitPublicKitSnapshotServer.sqf;ServoPeregrino_Organizador_Items/functions/library/fn_getPublicKit.sqf
ITEMS_PUBLIC_KIT_NOT_FOUND,ServoPeregrino_Organizador_Items/functions/library/fn_getPublicKit.sqf
ITEMS_PUBLIC_KIT_PUBLISHED,ServoPeregrino_Organizador_Items/functions/library/fn_commitPublicKitSnapshotServer.sqf
ITEMS_PUBLIC_KIT_SAVED_PRIVATE,ServoPeregrino_Organizador_Items/functions/library/fn_savePublicKitToPrivate.sqf
ITEMS_PUBLIC_KIT_UPDATED,ServoPeregrino_Organizador_Items/functions/library/fn_commitPublicKitSnapshotServer.sqf
ITEMS_PUBLIC_LIBRARY_READY,ServoPeregrino_Organizador_Items/functions/library/fn_getPublicLibrary.sqf
ITEMS_PUBLIC_OPERATION_UNSUPPORTED,ServoPeregrino_Organizador_Items/functions/library/fn_serverHandlePublicLibraryRequest.sqf
ITEMS_PUBLIC_PUBLISH_REQUESTED,ServoPeregrino_Organizador_Items/functions/library/fn_requestPublicKitPublish.sqf
ITEMS_PUBLIC_REQUEST_MP_ONLY,ServoPeregrino_Organizador_Items/functions/library/fn_requestPublicKitPublish.sqf
ITEMS_PUBLIC_REQUEST_NOT_REQUIRED,ServoPeregrino_Organizador_Items/functions/library/fn_requestPublicKitPublish.sqf
ITEMS_PUBLIC_SERVER_REQUIRED,ServoPeregrino_Organizador_Items/functions/library/fn_commitPublicKitSnapshotServer.sqf
ITEMS_PUBLIC_SOURCE_ID_INVALID,ServoPeregrino_Organizador_Items/functions/library/fn_commitPublicKitSnapshotServer.sqf
ITEMS_PUBLIC_SOURCE_MISMATCH,ServoPeregrino_Organizador_Items/functions/library/fn_commitPublicKitSnapshotServer.sqf;ServoPeregrino_Organizador_Items/functions/library/fn_requestPublicKitPublish.sqf
ITEMS_REPLACE_PLAN_READY,ServoPeregrino_Organizador_Items/functions/application/fn_createReplaceApplicationPlan.sqf
ITEMS_REPOSITORY_INITIALIZATION_FAILED,ServoPeregrino_Organizador_Items/functions/lifecycle/fn_initialize.sqf
ITEMS_REPOSITORY_NOT_READY,ServoPeregrino_Organizador_Items/functions/storage/fn_getRepositoryStatus.sqf
ITEMS_REPOSITORY_READY,ServoPeregrino_Organizador_Items/functions/storage/fn_getRepositoryStatus.sqf
ITEMS_REPOSITORY_STATE_READY,ServoPeregrino_Organizador_Items/functions/storage/fn_buildRepositoryState.sqf
ITEMS_ROLLBACK_FAILED,ServoPeregrino_Organizador_Items/functions/application/fn_executeApplicationPlan.sqf;ServoPeregrino_Organizador_Items/functions/application/fn_restoreContainerSnapshot.sqf;ServoPeregrino_Organizador_Items/functions/application/fn_rollbackApplication.sqf;ServoPeregrino_Organizador_Items/functions/tests/fn_runDelivery0_11CheckpointBTests.sqf;ServoPeregrino_Organizador_Items/functions/tests/fn_runDelivery0_9_1Tests.sqf;ServoPeregrino_Organizador_Items/functions/tests/fn_runDelivery0_9_2Tests.sqf;ServoPeregrino_Organizador_Items/functions/tests/fn_runDelivery0_9_3Tests.sqf;ServoPeregrino_Organizador_Items/functions/ui/fn_classifyUIOutcome.sqf
ITEMS_ROLLBACK_RESTORED,ServoPeregrino_Organizador_Items/functions/application/fn_restoreContainerSnapshot.sqf
ITEMS_ROLLED_BACK,ServoPeregrino_Organizador_Items/functions/application/fn_executeApplicationPlan.sqf;ServoPeregrino_Organizador_Items/functions/application/fn_rollbackApplication.sqf;ServoPeregrino_Organizador_Items/functions/tests/fn_runDelivery0_10CheckpointBTests.sqf;ServoPeregrino_Organizador_Items/functions/tests/fn_runDelivery0_11CheckpointBTests.sqf;ServoPeregrino_Organizador_Items/functions/tests/fn_runDelivery0_9Tests.sqf;ServoPeregrino_Organizador_Items/functions/tests/fn_runDelivery0_9_1Tests.sqf;ServoPeregrino_Organizador_Items/functions/tests/fn_runDelivery0_9_2Tests.sqf;ServoPeregrino_Organizador_Items/functions/tests/fn_runDelivery0_9_3Tests.sqf;ServoPeregrino_Organizador_Items/functions/ui/fn_classifyUIOutcome.sqf
ITEMS_RUNTIME_CAPABILITY_FAILED,ServoPeregrino_Organizador_Items/functions/lifecycle/fn_initialize.sqf
ITEMS_RUNTIME_DIVERGENCE,ServoPeregrino_Organizador_Items/functions/application/fn_executeApplicationPlan.sqf;ServoPeregrino_Organizador_Items/functions/application/fn_rollbackApplication.sqf
ITEMS_RUNTIME_READY,ServoPeregrino_Organizador_Items/functions/runtime/fn_getRuntimeStatus.sqf
ITEMS_SAVED_KIT_APPLICATION_SOURCE_READY,ServoPeregrino_Organizador_Items/functions/application/fn_getSavedKitApplicationSource.sqf
ITEMS_STORAGE_CREATED,ServoPeregrino_Organizador_Items/functions/domain/fn_createStoragePayload.sqf
ITEMS_STORAGE_DUPLICATE_KIT_ID,ServoPeregrino_Organizador_Items/functions/domain/fn_validateStorageSemantic.sqf;ServoPeregrino_Organizador_Items/functions/tests/fn_runDelivery0_2Tests.sqf;ServoPeregrino_Organizador_Items/functions/tests/fn_runDelivery0_3Tests.sqf;ServoPeregrino_Organizador_Items/functions/tests/fn_runDelivery0_4Tests.sqf;ServoPeregrino_Organizador_Items/functions/tests/fn_runDelivery0_4_1Tests.sqf;ServoPeregrino_Organizador_Items/functions/tests/fn_runDelivery0_4_2Tests.sqf;ServoPeregrino_Organizador_Items/functions/tests/fn_runDelivery0_4_3Tests.sqf;ServoPeregrino_Organizador_Items/functions/tests/fn_runDelivery0_5Tests.sqf;ServoPeregrino_Organizador_Items/functions/tests/fn_runDelivery0_5_1Tests.sqf;ServoPeregrino_Organizador_Items/functions/tests/fn_runDelivery0_6Tests.sqf;ServoPeregrino_Organizador_Items/functions/tests/fn_runDelivery0_6_1Tests.sqf;ServoPeregrino_Organizador_Items/functions/tests/fn_runDelivery0_7Tests.sqf;ServoPeregrino_Organizador_Items/functions/tests/fn_runDelivery0_7_1Tests.sqf;ServoPeregrino_Organizador_Items/functions/tests/fn_runDelivery0_7_2Tests.sqf;ServoPeregrino_Organizador_Items/functions/tests/fn_runDelivery0_8Tests.sqf;ServoPeregrino_Organizador_Items/functions/tests/fn_runDelivery0_8_1Tests.sqf;ServoPeregrino_Organizador_Items/functions/tests/fn_runDelivery0_8_2Tests.sqf;ServoPeregrino_Organizador_Items/functions/tests/fn_runDelivery0_8_3Tests.sqf;ServoPeregrino_Organizador_Items/functions/tests/fn_runDelivery0_9Tests.sqf;ServoPeregrino_Organizador_Items/functions/tests/fn_runDelivery0_9_1Tests.sqf;ServoPeregrino_Organizador_Items/functions/tests/fn_runDelivery0_9_2Tests.sqf;ServoPeregrino_Organizador_Items/functions/tests/fn_runDelivery0_9_3Tests.sqf
ITEMS_STORAGE_EMPTY_READY,ServoPeregrino_Organizador_Items/functions/storage/fn_loadStorage.sqf
ITEMS_STORAGE_INVALID_MAGIC,ServoPeregrino_Organizador_Items/functions/domain/fn_validateStorageSemantic.sqf;ServoPeregrino_Organizador_Items/functions/storage/fn_migrateStorage.sqf;ServoPeregrino_Organizador_Items/functions/tests/fn_runDelivery0_2Tests.sqf;ServoPeregrino_Organizador_Items/functions/tests/fn_runDelivery0_3Tests.sqf;ServoPeregrino_Organizador_Items/functions/tests/fn_runDelivery0_4Tests.sqf;ServoPeregrino_Organizador_Items/functions/tests/fn_runDelivery0_4_1Tests.sqf;ServoPeregrino_Organizador_Items/functions/tests/fn_runDelivery0_4_2Tests.sqf;ServoPeregrino_Organizador_Items/functions/tests/fn_runDelivery0_4_3Tests.sqf;ServoPeregrino_Organizador_Items/functions/tests/fn_runDelivery0_5Tests.sqf;ServoPeregrino_Organizador_Items/functions/tests/fn_runDelivery0_5_1Tests.sqf;ServoPeregrino_Organizador_Items/functions/tests/fn_runDelivery0_6Tests.sqf;ServoPeregrino_Organizador_Items/functions/tests/fn_runDelivery0_6_1Tests.sqf;ServoPeregrino_Organizador_Items/functions/tests/fn_runDelivery0_7Tests.sqf;ServoPeregrino_Organizador_Items/functions/tests/fn_runDelivery0_7_1Tests.sqf;ServoPeregrino_Organizador_Items/functions/tests/fn_runDelivery0_7_2Tests.sqf;ServoPeregrino_Organizador_Items/functions/tests/fn_runDelivery0_8Tests.sqf;ServoPeregrino_Organizador_Items/functions/tests/fn_runDelivery0_8_1Tests.sqf;ServoPeregrino_Organizador_Items/functions/tests/fn_runDelivery0_8_2Tests.sqf;ServoPeregrino_Organizador_Items/functions/tests/fn_runDelivery0_8_3Tests.sqf;ServoPeregrino_Organizador_Items/functions/tests/fn_runDelivery0_9Tests.sqf;ServoPeregrino_Organizador_Items/functions/tests/fn_runDelivery0_9_1Tests.sqf;ServoPeregrino_Organizador_Items/functions/tests/fn_runDelivery0_9_2Tests.sqf;ServoPeregrino_Organizador_Items/functions/tests/fn_runDelivery0_9_3Tests.sqf
ITEMS_STORAGE_LOADED,ServoPeregrino_Organizador_Items/functions/storage/fn_loadStorage.sqf;ServoPeregrino_Organizador_Items/functions/tests/fn_runDelivery0_3Tests.sqf;ServoPeregrino_Organizador_Items/functions/tests/fn_runDelivery0_4Tests.sqf;ServoPeregrino_Organizador_Items/functions/tests/fn_runDelivery0_4_1Tests.sqf;ServoPeregrino_Organizador_Items/functions/tests/fn_runDelivery0_4_2Tests.sqf;ServoPeregrino_Organizador_Items/functions/tests/fn_runDelivery0_4_3Tests.sqf;ServoPeregrino_Organizador_Items/functions/tests/fn_runDelivery0_5Tests.sqf;ServoPeregrino_Organizador_Items/functions/tests/fn_runDelivery0_5_1Tests.sqf;ServoPeregrino_Organizador_Items/functions/tests/fn_runDelivery0_6Tests.sqf;ServoPeregrino_Organizador_Items/functions/tests/fn_runDelivery0_6_1Tests.sqf;ServoPeregrino_Organizador_Items/functions/tests/fn_runDelivery0_7Tests.sqf;ServoPeregrino_Organizador_Items/functions/tests/fn_runDelivery0_7_1Tests.sqf;ServoPeregrino_Organizador_Items/functions/tests/fn_runDelivery0_7_2Tests.sqf;ServoPeregrino_Organizador_Items/functions/tests/fn_runDelivery0_8Tests.sqf;ServoPeregrino_Organizador_Items/functions/tests/fn_runDelivery0_8_1Tests.sqf;ServoPeregrino_Organizador_Items/functions/tests/fn_runDelivery0_8_2Tests.sqf;ServoPeregrino_Organizador_Items/functions/tests/fn_runDelivery0_8_3Tests.sqf;ServoPeregrino_Organizador_Items/functions/tests/fn_runDelivery0_9Tests.sqf;ServoPeregrino_Organizador_Items/functions/tests/fn_runDelivery0_9_1Tests.sqf;ServoPeregrino_Organizador_Items/functions/tests/fn_runDelivery0_9_2Tests.sqf;ServoPeregrino_Organizador_Items/functions/tests/fn_runDelivery0_9_3Tests.sqf
ITEMS_STORAGE_MIGRATION_NOT_REQUIRED,ServoPeregrino_Organizador_Items/functions/storage/fn_migrateStorage.sqf;ServoPeregrino_Organizador_Items/functions/tests/fn_runDelivery0_3Tests.sqf;ServoPeregrino_Organizador_Items/functions/tests/fn_runDelivery0_4Tests.sqf;ServoPeregrino_Organizador_Items/functions/tests/fn_runDelivery0_4_1Tests.sqf;ServoPeregrino_Organizador_Items/functions/tests/fn_runDelivery0_4_2Tests.sqf;ServoPeregrino_Organizador_Items/functions/tests/fn_runDelivery0_4_3Tests.sqf;ServoPeregrino_Organizador_Items/functions/tests/fn_runDelivery0_5Tests.sqf;ServoPeregrino_Organizador_Items/functions/tests/fn_runDelivery0_5_1Tests.sqf;ServoPeregrino_Organizador_Items/functions/tests/fn_runDelivery0_6Tests.sqf;ServoPeregrino_Organizador_Items/functions/tests/fn_runDelivery0_6_1Tests.sqf;ServoPeregrino_Organizador_Items/functions/tests/fn_runDelivery0_7Tests.sqf;ServoPeregrino_Organizador_Items/functions/tests/fn_runDelivery0_7_1Tests.sqf;ServoPeregrino_Organizador_Items/functions/tests/fn_runDelivery0_7_2Tests.sqf;ServoPeregrino_Organizador_Items/functions/tests/fn_runDelivery0_8Tests.sqf;ServoPeregrino_Organizador_Items/functions/tests/fn_runDelivery0_8_1Tests.sqf;ServoPeregrino_Organizador_Items/functions/tests/fn_runDelivery0_8_2Tests.sqf;ServoPeregrino_Organizador_Items/functions/tests/fn_runDelivery0_8_3Tests.sqf;ServoPeregrino_Organizador_Items/functions/tests/fn_runDelivery0_9Tests.sqf;ServoPeregrino_Organizador_Items/functions/tests/fn_runDelivery0_9_1Tests.sqf;ServoPeregrino_Organizador_Items/functions/tests/fn_runDelivery0_9_2Tests.sqf;ServoPeregrino_Organizador_Items/functions/tests/fn_runDelivery0_9_3Tests.sqf
ITEMS_STORAGE_RECOVERED_LAST_GOOD,ServoPeregrino_Organizador_Items/functions/storage/fn_loadStorage.sqf;ServoPeregrino_Organizador_Items/functions/tests/fn_runDelivery0_3Tests.sqf;ServoPeregrino_Organizador_Items/functions/tests/fn_runDelivery0_4Tests.sqf;ServoPeregrino_Organizador_Items/functions/tests/fn_runDelivery0_4_1Tests.sqf;ServoPeregrino_Organizador_Items/functions/tests/fn_runDelivery0_4_2Tests.sqf;ServoPeregrino_Organizador_Items/functions/tests/fn_runDelivery0_4_3Tests.sqf;ServoPeregrino_Organizador_Items/functions/tests/fn_runDelivery0_5Tests.sqf;ServoPeregrino_Organizador_Items/functions/tests/fn_runDelivery0_5_1Tests.sqf;ServoPeregrino_Organizador_Items/functions/tests/fn_runDelivery0_6Tests.sqf;ServoPeregrino_Organizador_Items/functions/tests/fn_runDelivery0_6_1Tests.sqf;ServoPeregrino_Organizador_Items/functions/tests/fn_runDelivery0_7Tests.sqf;ServoPeregrino_Organizador_Items/functions/tests/fn_runDelivery0_7_1Tests.sqf;ServoPeregrino_Organizador_Items/functions/tests/fn_runDelivery0_7_2Tests.sqf;ServoPeregrino_Organizador_Items/functions/tests/fn_runDelivery0_8Tests.sqf;ServoPeregrino_Organizador_Items/functions/tests/fn_runDelivery0_8_1Tests.sqf;ServoPeregrino_Organizador_Items/functions/tests/fn_runDelivery0_8_2Tests.sqf;ServoPeregrino_Organizador_Items/functions/tests/fn_runDelivery0_8_3Tests.sqf;ServoPeregrino_Organizador_Items/functions/tests/fn_runDelivery0_9Tests.sqf;ServoPeregrino_Organizador_Items/functions/tests/fn_runDelivery0_9_1Tests.sqf;ServoPeregrino_Organizador_Items/functions/tests/fn_runDelivery0_9_2Tests.sqf;ServoPeregrino_Organizador_Items/functions/tests/fn_runDelivery0_9_3Tests.sqf
ITEMS_STORAGE_SAVED,ServoPeregrino_Organizador_Items/functions/storage/fn_saveStorage.sqf
ITEMS_STORAGE_SAVE_REJECTED,ServoPeregrino_Organizador_Items/functions/storage/fn_saveStorage.sqf
ITEMS_STORAGE_SEMANTIC_INVALID,ServoPeregrino_Organizador_Items/functions/domain/fn_validateStorageSemantic.sqf
ITEMS_STORAGE_SEMANTIC_VALID,ServoPeregrino_Organizador_Items/functions/domain/fn_validateStorageSemantic.sqf
ITEMS_STORAGE_STRUCTURAL_INVALID,ServoPeregrino_Organizador_Items/functions/domain/fn_validateStorageStructural.sqf;ServoPeregrino_Organizador_Items/functions/storage/fn_migrateStorage.sqf
ITEMS_STORAGE_STRUCTURAL_VALID,ServoPeregrino_Organizador_Items/functions/domain/fn_validateStorageStructural.sqf
ITEMS_STORAGE_TEST_INJECTION_REFUSED,ServoPeregrino_Organizador_Items/functions/storage/fn_injectTestStoragePayload.sqf
ITEMS_STORAGE_TEST_MODE_DISABLED,ServoPeregrino_Organizador_Items/functions/storage/fn_configureRepositoryTestMode.sqf
ITEMS_STORAGE_TEST_MODE_ENABLED,ServoPeregrino_Organizador_Items/functions/storage/fn_configureRepositoryTestMode.sqf
ITEMS_STORAGE_TEST_MODE_PRODUCTION_CLEAR_REFUSED,ServoPeregrino_Organizador_Items/functions/storage/fn_configureRepositoryTestMode.sqf
ITEMS_STORAGE_TEST_PAYLOAD_INJECTED,ServoPeregrino_Organizador_Items/functions/storage/fn_injectTestStoragePayload.sqf
ITEMS_STORAGE_TEST_SUFFIX_INVALID,ServoPeregrino_Organizador_Items/functions/storage/fn_configureRepositoryTestMode.sqf
ITEMS_STORAGE_TEST_TARGET_INVALID,ServoPeregrino_Organizador_Items/functions/storage/fn_injectTestStoragePayload.sqf
ITEMS_STORAGE_UNRECOVERABLE,ServoPeregrino_Organizador_Items/functions/storage/fn_loadStorage.sqf;ServoPeregrino_Organizador_Items/functions/tests/fn_runDelivery0_3Tests.sqf;ServoPeregrino_Organizador_Items/functions/tests/fn_runDelivery0_4Tests.sqf;ServoPeregrino_Organizador_Items/functions/tests/fn_runDelivery0_4_1Tests.sqf;ServoPeregrino_Organizador_Items/functions/tests/fn_runDelivery0_4_2Tests.sqf;ServoPeregrino_Organizador_Items/functions/tests/fn_runDelivery0_4_3Tests.sqf;ServoPeregrino_Organizador_Items/functions/tests/fn_runDelivery0_5Tests.sqf;ServoPeregrino_Organizador_Items/functions/tests/fn_runDelivery0_5_1Tests.sqf;ServoPeregrino_Organizador_Items/functions/tests/fn_runDelivery0_6Tests.sqf;ServoPeregrino_Organizador_Items/functions/tests/fn_runDelivery0_6_1Tests.sqf;ServoPeregrino_Organizador_Items/functions/tests/fn_runDelivery0_7Tests.sqf;ServoPeregrino_Organizador_Items/functions/tests/fn_runDelivery0_7_1Tests.sqf;ServoPeregrino_Organizador_Items/functions/tests/fn_runDelivery0_7_2Tests.sqf;ServoPeregrino_Organizador_Items/functions/tests/fn_runDelivery0_8Tests.sqf;ServoPeregrino_Organizador_Items/functions/tests/fn_runDelivery0_8_1Tests.sqf;ServoPeregrino_Organizador_Items/functions/tests/fn_runDelivery0_8_2Tests.sqf;ServoPeregrino_Organizador_Items/functions/tests/fn_runDelivery0_8_3Tests.sqf;ServoPeregrino_Organizador_Items/functions/tests/fn_runDelivery0_9Tests.sqf;ServoPeregrino_Organizador_Items/functions/tests/fn_runDelivery0_9_1Tests.sqf;ServoPeregrino_Organizador_Items/functions/tests/fn_runDelivery0_9_2Tests.sqf;ServoPeregrino_Organizador_Items/functions/tests/fn_runDelivery0_9_3Tests.sqf
ITEMS_STORAGE_UNSUPPORTED_VERSION,ServoPeregrino_Organizador_Items/functions/domain/fn_validateStorageSemantic.sqf;ServoPeregrino_Organizador_Items/functions/storage/fn_migrateStorage.sqf;ServoPeregrino_Organizador_Items/functions/tests/fn_runDelivery0_3Tests.sqf;ServoPeregrino_Organizador_Items/functions/tests/fn_runDelivery0_4Tests.sqf;ServoPeregrino_Organizador_Items/functions/tests/fn_runDelivery0_4_1Tests.sqf;ServoPeregrino_Organizador_Items/functions/tests/fn_runDelivery0_4_2Tests.sqf;ServoPeregrino_Organizador_Items/functions/tests/fn_runDelivery0_4_3Tests.sqf;ServoPeregrino_Organizador_Items/functions/tests/fn_runDelivery0_5Tests.sqf;ServoPeregrino_Organizador_Items/functions/tests/fn_runDelivery0_5_1Tests.sqf;ServoPeregrino_Organizador_Items/functions/tests/fn_runDelivery0_6Tests.sqf;ServoPeregrino_Organizador_Items/functions/tests/fn_runDelivery0_6_1Tests.sqf;ServoPeregrino_Organizador_Items/functions/tests/fn_runDelivery0_7Tests.sqf;ServoPeregrino_Organizador_Items/functions/tests/fn_runDelivery0_7_1Tests.sqf;ServoPeregrino_Organizador_Items/functions/tests/fn_runDelivery0_7_2Tests.sqf;ServoPeregrino_Organizador_Items/functions/tests/fn_runDelivery0_8Tests.sqf;ServoPeregrino_Organizador_Items/functions/tests/fn_runDelivery0_8_1Tests.sqf;ServoPeregrino_Organizador_Items/functions/tests/fn_runDelivery0_8_2Tests.sqf;ServoPeregrino_Organizador_Items/functions/tests/fn_runDelivery0_8_3Tests.sqf;ServoPeregrino_Organizador_Items/functions/tests/fn_runDelivery0_9Tests.sqf;ServoPeregrino_Organizador_Items/functions/tests/fn_runDelivery0_9_1Tests.sqf;ServoPeregrino_Organizador_Items/functions/tests/fn_runDelivery0_9_2Tests.sqf;ServoPeregrino_Organizador_Items/functions/tests/fn_runDelivery0_9_3Tests.sqf
ITEMS_STORAGE_WRITE_VERIFY_FAILED,ServoPeregrino_Organizador_Items/functions/storage/fn_saveStorage.sqf
ITEMS_TARGET_CAPACITY_INSUFFICIENT,ServoPeregrino_Organizador_Items/functions/application/fn_createApplicationPlan.sqf;ServoPeregrino_Organizador_Items/functions/application/fn_createReplaceApplicationPlan.sqf
ITEMS_TEST_FIXTURE_CREATE_ALPHA_FAILED,ServoPeregrino_Organizador_Items/functions/tests/fn_runDelivery0_11CheckpointB7Tests.sqf
ITEMS_TEST_FIXTURE_CREATE_BRAVO_FAILED,ServoPeregrino_Organizador_Items/functions/tests/fn_runDelivery0_11CheckpointB7Tests.sqf
ITEMS_TEST_INJECTED_DURING_COMMIT,ServoPeregrino_Organizador_Items/functions/application/fn_executeApplicationPlan.sqf
ITEMS_TEST_INJECTED_FAILURE,ServoPeregrino_Organizador_Items/functions/application/fn_executeApplicationPlan.sqf
ITEMS_TEST_LEAK_CLEANUP_COMPLETE,ServoPeregrino_Organizador_Items/functions/tests/fn_cleanupLeakedTestKits.sqf
ITEMS_TEST_LEAK_CLEANUP_CONFIRMATION_REQUIRED,ServoPeregrino_Organizador_Items/functions/tests/fn_cleanupLeakedTestKits.sqf;ServoPeregrino_Organizador_Items/functions/tests/fn_runDelivery0_11CheckpointB4Tests.sqf
ITEMS_TEST_LEAK_SCAN_COMPLETE,ServoPeregrino_Organizador_Items/functions/tests/fn_findLeakedTestKits.sqf
ITEMS_TEST_LEAK_SCAN_REQUIRES_PRODUCTION_NAMESPACE,ServoPeregrino_Organizador_Items/functions/tests/fn_findLeakedTestKits.sqf
ITEMS_TEST_SUITE_ALREADY_RUNNING,ServoPeregrino_Organizador_Items/functions/tests/fn_runDelivery0_5_1Tests.sqf;ServoPeregrino_Organizador_Items/functions/tests/fn_runDelivery0_6Tests.sqf;ServoPeregrino_Organizador_Items/functions/tests/fn_runDelivery0_6_1Tests.sqf;ServoPeregrino_Organizador_Items/functions/tests/fn_runDelivery0_7Tests.sqf;ServoPeregrino_Organizador_Items/functions/tests/fn_runDelivery0_7_1Tests.sqf;ServoPeregrino_Organizador_Items/functions/tests/fn_runDelivery0_7_2Tests.sqf;ServoPeregrino_Organizador_Items/functions/tests/fn_runDelivery0_8Tests.sqf;ServoPeregrino_Organizador_Items/functions/tests/fn_runDelivery0_8_1Tests.sqf;ServoPeregrino_Organizador_Items/functions/tests/fn_runDelivery0_8_2Tests.sqf;ServoPeregrino_Organizador_Items/functions/tests/fn_runDelivery0_8_3Tests.sqf;ServoPeregrino_Organizador_Items/functions/tests/fn_runDelivery0_9Tests.sqf;ServoPeregrino_Organizador_Items/functions/tests/fn_runDelivery0_9_1Tests.sqf;ServoPeregrino_Organizador_Items/functions/tests/fn_runDelivery0_9_2Tests.sqf;ServoPeregrino_Organizador_Items/functions/tests/fn_runDelivery0_9_3Tests.sqf
ITEMS_UI_ALREADY_OPEN,ServoPeregrino_Organizador_Items/functions/ui/fn_openInterface.sqf
ITEMS_UI_CAPABILITY_FAILED,ServoPeregrino_Organizador_Items/functions/lifecycle/fn_initialize.sqf
ITEMS_UI_CATALOG_CACHE_NOT_READY,ServoPeregrino_Organizador_Items/functions/ui/fn_getUICatalogWindow.sqf
ITEMS_UI_CATALOG_CATEGORY_INVALID,ServoPeregrino_Organizador_Items/functions/ui/fn_getUICatalogWindow.sqf
ITEMS_UI_CATALOG_ITEM_NOT_PHYSICAL,ServoPeregrino_Organizador_Items/functions/ui/fn_classifyUIOutcome.sqf;ServoPeregrino_Organizador_Items/functions/ui/fn_executeUITransferCommand.sqf
ITEMS_UI_CATALOG_PHYSICAL_OPERATION_UNSUPPORTED,ServoPeregrino_Organizador_Items/functions/ui/fn_classifyUIOutcome.sqf;ServoPeregrino_Organizador_Items/functions/ui/fn_executeUITransferCommand.sqf
ITEMS_UI_CATALOG_SOURCE_INVALID,ServoPeregrino_Organizador_Items/functions/ui/fn_handleUITransferToDraft.sqf
ITEMS_UI_CATALOG_WINDOW_READY,ServoPeregrino_Organizador_Items/functions/ui/fn_getUICatalogWindow.sqf
ITEMS_UI_CLOSED,ServoPeregrino_Organizador_Items/functions/ui/fn_requestDraftTransition.sqf
ITEMS_UI_COMMAND_DESTINATION_INVALID,ServoPeregrino_Organizador_Items/functions/ui/fn_classifyUIOutcome.sqf;ServoPeregrino_Organizador_Items/functions/ui/fn_executeUITransferCommand.sqf
ITEMS_UI_COMMAND_RESULT_INVALID,ServoPeregrino_Organizador_Items/functions/ui/fn_executeUITransferCommand.sqf
ITEMS_UI_CONFIRMATION_PENDING,ServoPeregrino_Organizador_Items/functions/ui/fn_requestDraftTransition.sqf
ITEMS_UI_CREATE_DIALOG_FAILED,ServoPeregrino_Organizador_Items/functions/ui/fn_openInterface.sqf
ITEMS_UI_DISPLAY_MISSING,ServoPeregrino_Organizador_Items/functions/ui/fn_renderCatalogRowsUI.sqf
ITEMS_UI_DND_NOT_ACTIVE,ServoPeregrino_Organizador_Items/functions/ui/fn_finalizeUIPointerDrop.sqf
ITEMS_UI_DRAFT_REQUIRED,ServoPeregrino_Organizador_Items/functions/tests/fn_runDelivery0_12CheckpointD64Tests.sqf;ServoPeregrino_Organizador_Items/functions/ui/fn_handleUITransferToDraft.sqf
ITEMS_UI_DRAFT_ROW_ACTION_UNKNOWN,ServoPeregrino_Organizador_Items/functions/ui/fn_handleDraftRowAction.sqf
ITEMS_UI_DRAFT_ROW_KEY_INVALID,ServoPeregrino_Organizador_Items/functions/ui/fn_handleDraftRowAction.sqf
ITEMS_UI_DRAG_SNAPSHOT_FROZEN,ServoPeregrino_Organizador_Items/functions/ui/fn_createUIDragSnapshot.sqf
ITEMS_UI_DRAG_SOURCE_INVALID,ServoPeregrino_Organizador_Items/functions/ui/fn_createUIDragSnapshot.sqf
ITEMS_UI_ENTRY_PHYSICAL_OPERATION_UNSUPPORTED,ServoPeregrino_Organizador_Items/functions/ui/fn_classifyUIOutcome.sqf;ServoPeregrino_Organizador_Items/functions/ui/fn_executeUITransferCommand.sqf
ITEMS_UI_ENTRY_PHYSICAL_PAYLOAD_INVALID,ServoPeregrino_Organizador_Items/functions/ui/fn_executeUITransferCommand.sqf
ITEMS_UI_EQUIPMENT_CLEAR_VIEW_INVALID,ServoPeregrino_Organizador_Items/functions/ui/fn_executeEquipmentClear.sqf
ITEMS_UI_EQUIPMENT_ROW_PAYLOAD_INVALID,ServoPeregrino_Organizador_Items/functions/ui/fn_executeEquipmentRowAction.sqf
ITEMS_UI_EQUIPMENT_SOURCE_INVALID,ServoPeregrino_Organizador_Items/functions/ui/fn_handleUITransferToDraft.sqf
ITEMS_UI_EQUIPMENT_VIEW_INVALID,ServoPeregrino_Organizador_Items/functions/ui/fn_executeEquipmentRowAction.sqf
ITEMS_UI_KIT_PHYSICAL_OPERATION_UNSUPPORTED,ServoPeregrino_Organizador_Items/functions/ui/fn_classifyUIOutcome.sqf;ServoPeregrino_Organizador_Items/functions/ui/fn_executeUITransferCommand.sqf
ITEMS_UI_KIT_SELECTION_RECONCILED,ServoPeregrino_Organizador_Items/functions/ui/fn_reconcilePrivateKitSelectionAfterDelete.sqf
ITEMS_UI_KIT_SELECTION_RECONCILE_NOT_PRIVATE,ServoPeregrino_Organizador_Items/functions/ui/fn_reconcilePrivateKitSelectionAfterDelete.sqf
ITEMS_UI_KIT_SELECTION_RECONCILE_NO_DISPLAY,ServoPeregrino_Organizador_Items/functions/ui/fn_reconcilePrivateKitSelectionAfterDelete.sqf
ITEMS_UI_KIT_SELECTION_RECONCILE_NO_LIST,ServoPeregrino_Organizador_Items/functions/ui/fn_reconcilePrivateKitSelectionAfterDelete.sqf
ITEMS_UI_KIT_SOURCE_INVALID,ServoPeregrino_Organizador_Items/functions/ui/fn_handleUITransferToDraft.sqf
ITEMS_UI_NOT_IMPLEMENTED,ServoPeregrino_Organizador_Items/functions/tests/fn_runDelivery0_1Tests.sqf;ServoPeregrino_Organizador_Items/functions/tests/fn_runDelivery0_2Tests.sqf;ServoPeregrino_Organizador_Items/functions/tests/fn_runDelivery0_3Tests.sqf;ServoPeregrino_Organizador_Items/functions/tests/fn_runDelivery0_4Tests.sqf;ServoPeregrino_Organizador_Items/functions/tests/fn_runDelivery0_4_1Tests.sqf;ServoPeregrino_Organizador_Items/functions/tests/fn_runDelivery0_4_2Tests.sqf;ServoPeregrino_Organizador_Items/functions/tests/fn_runDelivery0_4_3Tests.sqf;ServoPeregrino_Organizador_Items/functions/tests/fn_runDelivery0_5Tests.sqf;ServoPeregrino_Organizador_Items/functions/tests/fn_runDelivery0_5_1Tests.sqf;ServoPeregrino_Organizador_Items/functions/tests/fn_runDelivery0_6Tests.sqf;ServoPeregrino_Organizador_Items/functions/tests/fn_runDelivery0_6_1Tests.sqf
ITEMS_UI_NO_INTERFACE,ServoPeregrino_Organizador_Items/functions/ui/fn_openInterface.sqf
ITEMS_UI_OPENED,ServoPeregrino_Organizador_Items/functions/ui/fn_openInterface.sqf
ITEMS_UI_PHYSICAL_EXACT_ADD_REQUIRES_STATE,ServoPeregrino_Organizador_Items/functions/tests/fn_runDelivery0_11CheckpointDTests.sqf;ServoPeregrino_Organizador_Items/functions/ui/fn_createUIPhysicalRowCommand.sqf
ITEMS_UI_PHYSICAL_EXACT_STATE_INVALID,ServoPeregrino_Organizador_Items/functions/ui/fn_createUIPhysicalRowCommand.sqf
ITEMS_UI_PHYSICAL_NOT_READY,ServoPeregrino_Organizador_Items/functions/tests/fn_runDelivery0_10_0_7HotfixTests.sqf;ServoPeregrino_Organizador_Items/functions/tests/fn_runDelivery0_11CheckpointBTests.sqf;ServoPeregrino_Organizador_Items/functions/ui/fn_classifyUIOutcome.sqf;ServoPeregrino_Organizador_Items/functions/ui/fn_executeUITransferCommand.sqf;ServoPeregrino_Organizador_Items/functions/ui/fn_getUIPhysicalReadiness.sqf
ITEMS_UI_PHYSICAL_OPERATION_INVALID,ServoPeregrino_Organizador_Items/functions/ui/fn_classifyUIOutcome.sqf;ServoPeregrino_Organizador_Items/functions/ui/fn_executeUITransferCommand.sqf
ITEMS_UI_PHYSICAL_READY,ServoPeregrino_Organizador_Items/functions/ui/fn_getUIPhysicalReadiness.sqf
ITEMS_UI_PHYSICAL_ROW_ACTION_INVALID,ServoPeregrino_Organizador_Items/functions/ui/fn_createUIPhysicalRowCommand.sqf
ITEMS_UI_PHYSICAL_ROW_COMMAND_READY,ServoPeregrino_Organizador_Items/functions/ui/fn_createUIPhysicalRowCommand.sqf;ServoPeregrino_Organizador_Items/functions/ui/fn_executeEquipmentRowAction.sqf
ITEMS_UI_PHYSICAL_ROW_ENTRY_INVALID,ServoPeregrino_Organizador_Items/functions/ui/fn_createUIPhysicalRowCommand.sqf
ITEMS_UI_PHYSICAL_ROW_NOOP,ServoPeregrino_Organizador_Items/functions/ui/fn_createUIPhysicalRowCommand.sqf
ITEMS_UI_PHYSICAL_ROW_QUANTITY_INVALID,ServoPeregrino_Organizador_Items/functions/ui/fn_createUIPhysicalRowCommand.sqf
ITEMS_UI_PHYSICAL_SOURCE_UNKNOWN,ServoPeregrino_Organizador_Items/functions/ui/fn_classifyUIOutcome.sqf;ServoPeregrino_Organizador_Items/functions/ui/fn_executeUITransferCommand.sqf
ITEMS_UI_PHYSICAL_TARGET_UNAVAILABLE,ServoPeregrino_Organizador_Items/functions/ui/fn_getUIPhysicalReadiness.sqf
ITEMS_UI_PHYSICAL_TEST_TARGET_READY,ServoPeregrino_Organizador_Items/functions/ui/fn_getUIPhysicalReadiness.sqf
ITEMS_UI_PHYSICAL_UNIT_NULL,ServoPeregrino_Organizador_Items/functions/ui/fn_classifyUIOutcome.sqf;ServoPeregrino_Organizador_Items/functions/ui/fn_executeUITransferCommand.sqf
ITEMS_UI_PHYSICAL_UNIT_UNAVAILABLE,ServoPeregrino_Organizador_Items/functions/ui/fn_getUIPhysicalReadiness.sqf
ITEMS_UI_QUANTITY_TEXT_INVALID,ServoPeregrino_Organizador_Items/functions/tests/fn_runDelivery0_8Tests.sqf;ServoPeregrino_Organizador_Items/functions/tests/fn_runDelivery0_8_1Tests.sqf;ServoPeregrino_Organizador_Items/functions/tests/fn_runDelivery0_8_2Tests.sqf;ServoPeregrino_Organizador_Items/functions/tests/fn_runDelivery0_8_3Tests.sqf;ServoPeregrino_Organizador_Items/functions/tests/fn_runDelivery0_9Tests.sqf;ServoPeregrino_Organizador_Items/functions/tests/fn_runDelivery0_9_1Tests.sqf;ServoPeregrino_Organizador_Items/functions/tests/fn_runDelivery0_9_2Tests.sqf;ServoPeregrino_Organizador_Items/functions/tests/fn_runDelivery0_9_3Tests.sqf;ServoPeregrino_Organizador_Items/functions/ui/fn_handleDraftRowAction.sqf
ITEMS_UI_STATE_READY,ServoPeregrino_Organizador_Items/functions/ui/fn_getUIState.sqf
ITEMS_UI_TRANSFER_DRAFT_OK,ServoPeregrino_Organizador_Items/functions/tests/fn_runDelivery0_11CheckpointB5Tests.sqf
ITEMS_UI_TRANSFER_SOURCE_UNKNOWN,ServoPeregrino_Organizador_Items/functions/ui/fn_handleUITransferToDraft.sqf
ITEMS_UI_TRANSITION_UNKNOWN,ServoPeregrino_Organizador_Items/functions/ui/fn_requestDraftTransition.sqf
ITEMS_UI_VIEW_MODEL_READY,ServoPeregrino_Organizador_Items/functions/ui/fn_buildUIViewModel.sqf
ITEMS_UNIT_NULL,ServoPeregrino_Organizador_Items/functions/application/fn_resolveApplicationTarget.sqf
ITEMS_VANILLA_SOUND_SCAN_COMPLETE,ServoPeregrino_Organizador_Items/functions/ui/fn_scanVanillaInventorySounds.sqf
ITEMS_WHOLE_KIT_OPERATION_INVALID,ServoPeregrino_Organizador_Items/functions/application/fn_createWholeKitApplicationPlan.sqf;ServoPeregrino_Organizador_Items/functions/application/fn_executeContentOperation.sqf
ITEMS_WHOLE_KIT_PLAN_READY,ServoPeregrino_Organizador_Items/functions/application/fn_createWholeKitApplicationPlan.sqf
LOG_LEVEL_UPDATED,ServoPeregrino_Organizador_Nexus/functions/diagnostics/fn_setLogLevel.sqf
NEXUS_ALREADY_INITIALIZED,ServoPeregrino_Organizador_Nexus/functions/lifecycle/fn_initialize.sqf
NEXUS_INITIALIZED,ServoPeregrino_Organizador_Nexus/functions/lifecycle/fn_initialize.sqf
SERVO_PEREGRINO_ORGANIZADOR_ITEMS_DISPLAY_VERSION,ServoPeregrino_Organizador_Items/functions/tests/fn_runDelivery0_12CheckpointD61Tests.sqf
SPORG_ITEMS_UI_HEADER_CLOSE_X,ServoPeregrino_Organizador_Items/functions/tests/fn_runDelivery0_12CheckpointD63Tests.sqf
SPORG_ITEMS_UI_HEADER_FUTURE_X,ServoPeregrino_Organizador_Items/functions/tests/fn_runDelivery0_12CheckpointD63Tests.sqf
SPORG_ITEMS_UI_HEADER_ID_X,ServoPeregrino_Organizador_Items/functions/tests/fn_runDelivery0_12CheckpointD63Tests.sqf
SPORG_ITEMS_UI_HEADER_LOAD_X,ServoPeregrino_Organizador_Items/functions/tests/fn_runDelivery0_12CheckpointD63Tests.sqf
SP_ORG_ITEMS_CLASS_DOES_NOT_EXIST_0_2,ServoPeregrino_Organizador_Items/functions/tests/fn_runDelivery0_2Tests.sqf
SP_ORG_ITEMS_CLASS_DOES_NOT_EXIST_0_3,ServoPeregrino_Organizador_Items/functions/tests/fn_runDelivery0_3Tests.sqf;ServoPeregrino_Organizador_Items/functions/tests/fn_runDelivery0_4Tests.sqf;ServoPeregrino_Organizador_Items/functions/tests/fn_runDelivery0_4_1Tests.sqf;ServoPeregrino_Organizador_Items/functions/tests/fn_runDelivery0_4_2Tests.sqf;ServoPeregrino_Organizador_Items/functions/tests/fn_runDelivery0_4_3Tests.sqf;ServoPeregrino_Organizador_Items/functions/tests/fn_runDelivery0_5Tests.sqf;ServoPeregrino_Organizador_Items/functions/tests/fn_runDelivery0_5_1Tests.sqf;ServoPeregrino_Organizador_Items/functions/tests/fn_runDelivery0_6Tests.sqf;ServoPeregrino_Organizador_Items/functions/tests/fn_runDelivery0_6_1Tests.sqf;ServoPeregrino_Organizador_Items/functions/tests/fn_runDelivery0_7Tests.sqf;ServoPeregrino_Organizador_Items/functions/tests/fn_runDelivery0_7_1Tests.sqf;ServoPeregrino_Organizador_Items/functions/tests/fn_runDelivery0_7_2Tests.sqf;ServoPeregrino_Organizador_Items/functions/tests/fn_runDelivery0_8Tests.sqf;ServoPeregrino_Organizador_Items/functions/tests/fn_runDelivery0_8_1Tests.sqf;ServoPeregrino_Organizador_Items/functions/tests/fn_runDelivery0_8_2Tests.sqf;ServoPeregrino_Organizador_Items/functions/tests/fn_runDelivery0_8_3Tests.sqf;ServoPeregrino_Organizador_Items/functions/tests/fn_runDelivery0_9Tests.sqf;ServoPeregrino_Organizador_Items/functions/tests/fn_runDelivery0_9_1Tests.sqf;ServoPeregrino_Organizador_Items/functions/tests/fn_runDelivery0_9_2Tests.sqf;ServoPeregrino_Organizador_Items/functions/tests/fn_runDelivery0_9_3Tests.sqf
SP_ORG_ITEMS_CLASS_DOES_NOT_EXIST_0_5,ServoPeregrino_Organizador_Items/functions/tests/fn_runDelivery0_5Tests.sqf;ServoPeregrino_Organizador_Items/functions/tests/fn_runDelivery0_5_1Tests.sqf;ServoPeregrino_Organizador_Items/functions/tests/fn_runDelivery0_6Tests.sqf;ServoPeregrino_Organizador_Items/functions/tests/fn_runDelivery0_6_1Tests.sqf;ServoPeregrino_Organizador_Items/functions/tests/fn_runDelivery0_7Tests.sqf;ServoPeregrino_Organizador_Items/functions/tests/fn_runDelivery0_7_1Tests.sqf;ServoPeregrino_Organizador_Items/functions/tests/fn_runDelivery0_7_2Tests.sqf;ServoPeregrino_Organizador_Items/functions/tests/fn_runDelivery0_8Tests.sqf;ServoPeregrino_Organizador_Items/functions/tests/fn_runDelivery0_8_1Tests.sqf;ServoPeregrino_Organizador_Items/functions/tests/fn_runDelivery0_8_2Tests.sqf;ServoPeregrino_Organizador_Items/functions/tests/fn_runDelivery0_8_3Tests.sqf;ServoPeregrino_Organizador_Items/functions/tests/fn_runDelivery0_9Tests.sqf;ServoPeregrino_Organizador_Items/functions/tests/fn_runDelivery0_9_1Tests.sqf;ServoPeregrino_Organizador_Items/functions/tests/fn_runDelivery0_9_2Tests.sqf;ServoPeregrino_Organizador_Items/functions/tests/fn_runDelivery0_9_3Tests.sqf
SP_ORG_ITEMS_CLASS_DOES_NOT_EXIST_0_6,ServoPeregrino_Organizador_Items/functions/tests/fn_runDelivery0_6Tests.sqf;ServoPeregrino_Organizador_Items/functions/tests/fn_runDelivery0_6_1Tests.sqf;ServoPeregrino_Organizador_Items/functions/tests/fn_runDelivery0_7Tests.sqf;ServoPeregrino_Organizador_Items/functions/tests/fn_runDelivery0_7_1Tests.sqf;ServoPeregrino_Organizador_Items/functions/tests/fn_runDelivery0_7_2Tests.sqf;ServoPeregrino_Organizador_Items/functions/tests/fn_runDelivery0_8Tests.sqf;ServoPeregrino_Organizador_Items/functions/tests/fn_runDelivery0_8_1Tests.sqf;ServoPeregrino_Organizador_Items/functions/tests/fn_runDelivery0_8_2Tests.sqf;ServoPeregrino_Organizador_Items/functions/tests/fn_runDelivery0_8_3Tests.sqf;ServoPeregrino_Organizador_Items/functions/tests/fn_runDelivery0_9Tests.sqf;ServoPeregrino_Organizador_Items/functions/tests/fn_runDelivery0_9_1Tests.sqf;ServoPeregrino_Organizador_Items/functions/tests/fn_runDelivery0_9_2Tests.sqf;ServoPeregrino_Organizador_Items/functions/tests/fn_runDelivery0_9_3Tests.sqf
SP_ORG_ITEMS_MISSING_MOD_PERSIST_0_3,ServoPeregrino_Organizador_Items/functions/tests/fn_runDelivery0_3Tests.sqf;ServoPeregrino_Organizador_Items/functions/tests/fn_runDelivery0_4Tests.sqf;ServoPeregrino_Organizador_Items/functions/tests/fn_runDelivery0_4_1Tests.sqf;ServoPeregrino_Organizador_Items/functions/tests/fn_runDelivery0_4_2Tests.sqf;ServoPeregrino_Organizador_Items/functions/tests/fn_runDelivery0_4_3Tests.sqf;ServoPeregrino_Organizador_Items/functions/tests/fn_runDelivery0_5Tests.sqf;ServoPeregrino_Organizador_Items/functions/tests/fn_runDelivery0_5_1Tests.sqf;ServoPeregrino_Organizador_Items/functions/tests/fn_runDelivery0_6Tests.sqf;ServoPeregrino_Organizador_Items/functions/tests/fn_runDelivery0_6_1Tests.sqf;ServoPeregrino_Organizador_Items/functions/tests/fn_runDelivery0_7Tests.sqf;ServoPeregrino_Organizador_Items/functions/tests/fn_runDelivery0_7_1Tests.sqf;ServoPeregrino_Organizador_Items/functions/tests/fn_runDelivery0_7_2Tests.sqf;ServoPeregrino_Organizador_Items/functions/tests/fn_runDelivery0_8Tests.sqf;ServoPeregrino_Organizador_Items/functions/tests/fn_runDelivery0_8_1Tests.sqf;ServoPeregrino_Organizador_Items/functions/tests/fn_runDelivery0_8_2Tests.sqf;ServoPeregrino_Organizador_Items/functions/tests/fn_runDelivery0_8_3Tests.sqf;ServoPeregrino_Organizador_Items/functions/tests/fn_runDelivery0_9Tests.sqf;ServoPeregrino_Organizador_Items/functions/tests/fn_runDelivery0_9_1Tests.sqf;ServoPeregrino_Organizador_Items/functions/tests/fn_runDelivery0_9_2Tests.sqf;ServoPeregrino_Organizador_Items/functions/tests/fn_runDelivery0_9_3Tests.sqf
SP_ORG_ITEMS_UI_MISSING_0_7,ServoPeregrino_Organizador_Items/functions/tests/fn_runDelivery0_7Tests.sqf;ServoPeregrino_Organizador_Items/functions/tests/fn_runDelivery0_7_1Tests.sqf;ServoPeregrino_Organizador_Items/functions/tests/fn_runDelivery0_7_2Tests.sqf;ServoPeregrino_Organizador_Items/functions/tests/fn_runDelivery0_8Tests.sqf;ServoPeregrino_Organizador_Items/functions/tests/fn_runDelivery0_8_1Tests.sqf;ServoPeregrino_Organizador_Items/functions/tests/fn_runDelivery0_8_2Tests.sqf;ServoPeregrino_Organizador_Items/functions/tests/fn_runDelivery0_8_3Tests.sqf;ServoPeregrino_Organizador_Items/functions/tests/fn_runDelivery0_9Tests.sqf;ServoPeregrino_Organizador_Items/functions/tests/fn_runDelivery0_9_1Tests.sqf;ServoPeregrino_Organizador_Items/functions/tests/fn_runDelivery0_9_2Tests.sqf;ServoPeregrino_Organizador_Items/functions/tests/fn_runDelivery0_9_3Tests.sqf
TEST_C6_RENDERED_CATALOG_DRAFT,ServoPeregrino_Organizador_Items/functions/tests/fn_runDelivery0_12CheckpointC6Tests.sqf
TEST_CATALOG_FOCUSED,ServoPeregrino_Organizador_Items/functions/tests/fn_runDelivery0_11CheckpointB61Tests.sqf;ServoPeregrino_Organizador_Items/functions/tests/fn_runDelivery0_11CheckpointB6Tests.sqf
UI_CATALOG_PROJECTION,ServoPeregrino_Organizador_Items/functions/tests/fn_runDelivery0_11CheckpointB61Tests.sqf;ServoPeregrino_Organizador_Items/functions/tests/fn_runDelivery0_11CheckpointB6Tests.sqf
